,1985,1995,2005,2015,2018,,Station Name,Elevation,Latitude,Longitude
1000,,,55.0,35.0,61.0,9,Annie Springs,6010,42.87007,-122.16518
1001,,,122.0,51.0,67.0,439,Long Lake,850,58.186,-133.83217
1003,,118.0,104.0,0.0,64.0,476,Mcneil Canyon,1320,59.744330000000005,-151.25133
1005,,,134.0,69.0,32.0,818,Ute Creek,10650,37.61497,-105.37326999999999
1006,,,100.0,7.0,48.0,417,Lewis Peak,7400,40.35757,-116.86492
1008,,,77.0,126.0,109.0,565,Onion Park,7410,46.91348,-110.8536
1009,,,67.0,119.0,115.0,738,Stringer Creek,6550,46.9269,-110.90198000000001
1010,,,77.0,1.0,42.0,183,Crazyman Flat,6180,42.6381,-120.94917
1011,,,25.0,24.0,127.0,485,MF Nooksack,4970,48.824529999999996,-121.92951000000001
1012,,,33.0,6.0,120.0,758,Swift Creek,4440,46.1638,-122.18401999999999
1013,,,112.0,77.0,69.0,768,Temple Fork,7406,41.793,-111.54605
1014,,,72.0,102.0,77.0,491,Middle Fork Camp,8940,39.7956,-106.0273
1015,,,119.0,58.0,71.0,643,Sage Creek Basin,7850,41.401,-107.25717
1016,,,51.0,0.0,54.0,440,Long Valley,4890,44.78835,-116.08878
1017,,,115.0,84.0,41.0,820,Vacas Locas,9306,36.02635,-106.81362
1030,,,111.0,84.0,96.0,11,Arapaho Ridge,10960,40.35098,-106.38141999999999
1031,,,100.0,80.0,89.0,546,Never Summer,10280,40.40405,-105.95583
1032,,,75.0,106.0,102.0,616,Rawah,9020,40.7075,-106.0076
1033,,,96.0,96.0,93.0,867,Zirkel,9340,40.79488,-106.59535
1034,,,204.0,68.0,54.0,683,Sierra Blanca,10280,33.404720000000005,-105.78721999999999
1035,,,93.0,0.0,49.0,511,Moraine,2100,61.377269999999996,-148.99917
1039,,,105.0,60.0,33.0,130,Cascade Mountain,7774,40.283,-111.60991999999999
1040,,,92.0,88.0,54.0,473,Mccoy Park,9480,39.60468,-106.54128
1041,,,92.0,93.0,60.0,41,Beaver Ck Village,8500,39.59917,-106.51142
1042,,,,,,851,Wild Basin,9560,40.20105,-105.60248
1043,,,52.0,54.0,147.0,671,Sentinel Butte,4680,48.86133,-118.39843
1044,,,0.0,0.0,338.0,786,Toketee Airstrip,3240,43.22718,-122.42537
1045,,,94.0,61.0,37.0,185,Crow Creek,8330,41.2287,-105.38278000000001
1046,,,80.0,69.0,107.0,147,Cinnabar Park,9574,41.23837,-106.23095
1047,,,109.0,86.0,88.0,427,Little Snake River,8915,41.07053,-106.94283
1048,,,203.0,77.0,13.0,475,Mcknight Cabin,9240,33.00812,-107.86975
1049,,,127.0,40.0,45.0,262,Forestdale Creek,8017,38.68245,-119.9597
1050,,,109.0,25.0,29.0,345,Horse Meadow,8557,38.83652,-119.88731999999999
1051,,,100.0,35.0,30.0,114,Burnside Lake,8129,38.719429999999996,-119.8942
1052,,,136.0,36.0,31.0,747,Summit Meadow,9313,38.39747,-119.53522
1053,,,6.0,0.0,138.0,541,Myrtle Creek,3520,48.72263,-116.46311999999999
1054,,,116.0,58.0,44.0,249,Farmington Lower,6779,40.992,-111.81702
1055,,,128.0,86.0,117.0,815,Upper Tsaina River,1750,61.19112,-145.64807
1056,,,125.0,85.0,78.0,419,Lightning Ridge,8215,41.35883,-111.48747
1057,,,100.0,117.0,15.0,286,Glen Cove,11460,38.87583,-105.07366999999999
1058,,,110.0,50.0,21.0,303,Grayback,11620,37.47033,-106.53783
1059,123.0,103.0,139.0,139.0,84.0,155,Cochetopa Pass,10020,38.16283,-106.59883
1060,,,142.0,65.0,42.0,675,Sharkstooth,10720,37.50357,-108.11373
1061,,,84.0,100.0,102.0,35,Bear River,9080,40.06153,-107.00955
1062,72.0,,111.0,56.0,114.0,6,Anchor River Divide,1653,59.859719999999996,-151.315
1065,,,279.0,32.0,29.0,312,Gutz Peak,6763,37.49617,-113.94235
1066,,,208.0,76.0,47.0,277,Gardner Peak,8322,37.40083,-113.45988
1067,,,156.0,51.0,48.0,127,Carson Pass,8360,38.6927,-120.0022
1068,,,,,,659,Sawmill Ridge,4640,47.15992,-121.42172
1069,,,,,,458,Lynn Lake,3900,47.20172,-121.77972
1070,,,,41.0,71.0,7,Anchorage Hillside,2080,61.114830000000005,-149.66683
1073,,,,7.0,41.0,533,Mt. Eyak,1405,60.55,-145.745
1077,,,,,,756,Swan Lake Mtn,6830,42.41323,-121.68002
1078,,,,,,749,Sun Pass,5400,42.78637,-121.97715
1079,,,,,,494,Milk Shakes,5580,45.9821,-117.94883
1080,,,,,,100,Brown Top,5830,48.92755,-121.19713
1081,,,,28.0,83.0,612,Ragged Mountain,4210,47.85583,-117.03667
1082,,,,103.0,122.0,295,Grand Targhee,9260,43.77933,-110.92783
1083,,,,,,795,Tres Ritos,8600,36.12778,-105.52713999999999
1084,,,,,,497,Miller Woods,420,45.24755,-123.27563
1085,,,,,,136,Cayuse Pass,5240,46.86954,-121.5343
1089,,,,84.0,112.0,787,Tokositna Valley,850,62.63,-150.77617
1091,,,,82.0,135.0,360,Independence Mine,3550,61.791169999999994,-149.27966999999998
1092,,,,13.0,41.0,245,Exit Glacier,400,60.19033,-149.62117
1093,,,,56.0,110.0,145,Chisana,3320,62.069,-142.049
1096,,,,89.0,,471,May Creek,1610,61.34783,-142.70967
1097,,,,,,779,Timberline,8736,39.67712,-110.43395
1098,,,,,,817,Usu Doc Daniel,8270,41.86425,-111.50603000000001
1099,,,,,,378,Jones Corral,9749,38.07125,-112.16788000000001
1100,,,,,,645,Saint Elmo,10540,38.69978,-106.36801000000001
1101,,,,,,142,Chapman Tunnel,10110,39.262170000000005,-106.62931
1102,,,,,,325,Hayden Pass,10720,38.29326,-105.8505
1103,69.0,145.0,78.0,8.0,44.0,532,Mt. Alyeska,1540,60.959830000000004,-149.08616999999998
1104,,,,,,581,Pepper Creek,2140,46.10242,-121.95555
1105,,,,,,222,East Boulder Mine,6335,45.503809999999994,-110.08018999999999
1106,,,,,,235,Elk Peak,7600,46.4845,-110.7125
1107,,,,,,106,Buckinghorse,4870,47.7086,-123.45747
1109,,,,,,121,Calamity,2500,45.903620000000004,-122.21633
1110,,,,,,614,Rainbow Canyon,7860,36.2493,-115.62971999999999
1111,,,,,,97,Bristlecone Trail,8890,36.31575,-115.69543
1112,,,,,,414,Lee Canyon,8626,36.30537,-115.67508000000001
1113,,,,,,790,Tony Grove RS,6332,41.88573,-111.56918
1114,,,,,,276,Garden City Summit,7705,41.9215,-111.4693
1115,,,,,,395,Klondike Narrows,7250,41.967690000000005,-111.59713
1116,,,,,,402,Lakefork #3,8464,40.5502,-110.3529
1117,,,,,,717,Spirit Lk,10235,40.83868,-110.00527
1118,,,,,,446,Lost Creek Resv,6082,41.22155,-111.35947
1119,,,,,,73,Blackhall Mtn,9820,41.05616,-106.71383999999999
1120,,,,,,239,Elliot Ridge,10520,39.864,-106.4246
1121,,,,,,263,Fort Valley,7350,35.26806,-111.74486
1122,,,,,,347,Hourglass Lake,9380,40.57913,-105.63068
1123,,,,,,437,Long Draw Resv,9980,40.5123,-105.7656
1124,,,,,,507,Moon Pass,11140,37.966609999999996,-106.55837
1125,,,,,,515,Mormon Mtn Summit,8500,34.969640000000005,-111.50922
1127,,,,,,560,Nutrioso,8500,33.89747,-109.15517
1128,,,,,,655,Sargents Mesa,11530,38.28555,-106.37069
1129,,,,,,365,Indian Rock,5360,45.99077,-120.80767
1130,,,,,,133,Castle Creek,8400,43.6748,-109.3774
1131,,,,,,424,Little Goose,8870,44.54315,-107.17865
1132,,,,,,705,Soldier Park,8720,44.34847,-107.0136
1133,,,,,,594,Pocket Creek,9360,42.7121,-109.4112
1134,,,,63.0,95.0,408,Larsen Creek,9000,42.5801,-109.0883
1135,,,,,,119,Burts Miller Ranch,8000,40.98492,-110.85075
1136,,,,,,784,Toe Jam,7700,41.3187,-116.3408
1137,,,,,,819,Vacarro Springs,7890,39.4495,-115.9834
1138,,,,,,544,Navajo Whiskey Ck,9050,36.177279999999996,-108.94691
1139,,,,,,138,Chalender,7100,35.26247,-112.06231000000001
1140,,,,,,17,Baker Butte Smt,7700,34.45547,-111.38271999999999
1141,,,,,,814,Upper Taylor,10640,38.99077,-106.75421999999999
1142,,,,,,587,Pierce R.S.,3080,46.49597,-115.7957
1143,,,,,,48,Beaver Spring,9200,36.32678,-109.05711000000001
1144,,,,,,75,Blacktail Mtn,5650,47.98288,-114.3543
1145,,,,,,389,Kilfoil Creek,7220,41.247640000000004,-111.41248999999999
1146,,,,,,561,Oak Creek,7850,39.3485,-112.32638999999999
1147,,,,,,840,Wheeler Peak,10060,39.00995,-114.31021000000001
1148,,,,,,570,Panguitch Lake RS,8350,37.70463,-112.65037
1149,,,,,,255,Fish Lake Utah,8798,38.50455,-111.76693
1150,,,,,,383,Kalamazoo,7775,39.5579,-114.62762
1151,,,,,,283,George Creek,8964,41.915620000000004,-113.41153999999999
1152,,,,,,135,Cave Mountain,10578,39.16337,-114.6133
1153,,,,,,105,Buckboard Flat,8924,37.86943,-109.44717
1154,,,,,,95,Brian Head,10039,37.67994,-112.85673999999999
1155,,,,,,65,Bird Creek,7537,39.46138,-114.64863000000001
1156,,,,,,93,Box Springs,9228,38.49746,-112.00778999999999
1158,,,,,,348,Howard Prairie,4580,42.215,-122.3713
1159,,,,,,289,Gold Axe Camp,5360,48.9516,-118.9864
1160,,,,,,836,Weminuche Creek,10740,37.51976,-107.32151999999999
1161,,,,,,71,Black Mountain,8920,40.888,-105.66396999999999
1162,,,,,,74,Blacks Fork Jct,8869,40.95814,-110.5828
1163,,,,,,229,EF Blacks Fork GS,9360,40.88472,-110.54056000000001
1166,,,,,,32,Bear Grass,4720,44.3253,-122.0938
1167,,,,,,698,Smith Ridge,3270,44.30325,-122.04053
1168,,,,,,763,Taos Powderhorn,11057,36.582029999999996,-105.45611000000001
1169,,,,,,682,Shuree,10100,36.78778,-105.23998999999999
1170,,,,,,569,Palo,9350,36.40848,-105.33063
1171,,,,,,798,Trinity,2930,48.0747,-120.8493
1172,,,,,,649,San Antonio Sink,9100,36.8622,-106.22502
1173,,,,,,279,Garita Peak,10160,36.005,-106.54838000000001
1174,187.0,171.0,155.0,81.0,171.0,246,Fairbanks F.O.,450,64.85,-147.8
1175,,,,,,386,Kelly Station,310,67.93333,-162.28333
1182,93.0,105.0,159.0,63.0,154.0,53,Bettles Field,640,66.91667,-151.53333
1184,,,,,,293,Gooseberry RS Up,8396,38.7882,-111.68892
1185,,,,,,70,Black Mesa,11580,37.78972,-108.18365
1186,,,,,,261,Fool Creek,11150,39.8687,-105.8675
1187,,,,,,333,High Lonesome,10620,40.035920000000004,-105.75471
1188,,,,,,827,Wager Gulch,11100,37.88248,-107.3643
1189,,,,,,5,American Creek,1050,64.78969000000001,-141.23376000000002
1192,,,,,,104,Buck Pasture,9632,40.844559999999994,-110.66068
1194,,,,,,746,Summit Lk,7615,41.48953,-118.99663000000001
1195,,,,,,288,Golconda,6616,40.88358,-117.58811999999999
1196,,,,,,480,Med Bow,10500,41.37833,-106.34681
1197,,,,,,865,Yankee Reservoir,8692,37.74797,-112.77495
1212,,,,,,22,Bar M,6393,34.86136,-111.60503
1214,,,,,,54,Bevans Cabin,6520,40.46182,-112.25233
1215,,,,,,410,Lasal Mountain-Lower,8783,38.48167,-109.29163999999999
1216,,,,,,353,Huntington Horse,9652,39.617740000000005,-111.30576
1217,,,,,,622,Rees Flat,7206,39.49667,-111.72508
1221,,,,,,281,GBRC HQ,8801,39.320190000000004,-111.48827
1222,,,,,,282,GBRC Meadows,9858,39.30229,-111.45383000000001
1223,,,,,,336,Hobble Creek,7377,40.18538,-111.35971
1224,,,,,,528,Mt Baldy,9524,39.13648,-111.50527
1225,,,,,,621,Redden Mine Lwr,8532,40.67505,-111.21765
1226,,,,,,773,Thistle Flat,8787,39.23803,-111.51998
1227,,,,,,810,Upper Joes Valley,8596,39.4155,-111.2491
1228,,,,,,864,Wrigley Creek,9327,39.132329999999996,-111.35685
1231,,,,,,657,Satus Pass,3960,45.987970000000004,-120.67733999999999
1236,,,,,,174,Corral,8207,39.65795,-110.37906000000001
1242,,,,,,428,Little Valley,6493,39.252590000000005,-119.8771
1243,,,,,,216,Dry Creek,6555,40.8638,-115.22013999999999
1244,,,,,,596,Pole Canyon,7760,40.86293,-115.12066999999999
1247,,,,,,762,Takka Wiiya,9122,39.741040000000005,-113.98262
1248,,,,,,754,Suu Ranch,8050,37.59711,-112.92948999999999
1249,,,,,,750,Sunflower Flat,10018,38.048,-111.33981000000001
1251,,,,,,660,Sawtooth,9620,40.13697,-105.58625
1252,,,,,,238,Elkhead Divide,8780,40.796490000000006,-107.10122
1254,,,,,,627,Rio Santa Barbara,10664,36.07192,-105.62947
1256,,,,,,291,Gold Mountain,4390,48.18934,-118.4559
1257,,,,,,690,Skate Creek,3770,46.643359999999994,-121.83044
1258,,,,,,730,State Line,5680,41.986090000000004,-120.71574
1259,,,,,,536,Muckamuck,4470,48.58526,-119.86623999999999
1261,,,,,,436,Lonesome Beaver,9410,38.07,-110.77241000000001
1262,,,,,,272,Fry Canyon,6798,41.57022,-115.93645
1263,,,,,,592,Pinto Rock,4440,46.32318,-121.94219
1266,,,,,,767,Telaquana Lake,1275,60.98243000000001,-153.91772
1267,,,,,,3,Alexander Lake,160,61.749669999999995,-150.88967
1268,,,,,,252,Fielding Lake,3000,63.20267,-145.6305
1269,,,,,,530,Mt Pennell,9209,37.97793,-110.7933
1270,,,,,,328,Heen Latinee,2065,58.69651999999999,-134.86448000000001
1271,,,,,,323,Hawley Lake,8300,33.97142,-109.76528
1275,,,,,,371,Jack Wade Jct,3585,64.1529,-141.32693
1277,,,,,,267,Fredonyer Peak,7208,40.68799,-120.60805
1278,,,,,,84,Bobs Hollow,9319,38.94569,-112.15348999999999
1280,,,,,,653,Santaquin Meadows,7835,39.920759999999994,-111.71802
1285,,,,,,260,Flower Mountain,2510,59.39617,-136.28123
2029,,,0.0,57.0,71.0,625,Reynolds Creek,5600,43.28863,-116.8431
301,137.0,162.0,76.0,4.0,38.0,0,Adin Mtn,6190,41.23583,-120.79191999999999
302,103.0,115.0,46.0,66.0,58.0,8,Aneroid Lake #2,7400,45.21328,-117.19258
303,78.0,63.0,159.0,43.0,15.0,10,Apishapa,10000,37.33062,-105.06748999999999
304,147.0,134.0,52.0,58.0,69.0,12,Arbuckle Mtn,5770,45.19085,-119.25392
306,100.0,123.0,62.0,97.0,79.0,14,Atlanta Summit,7580,43.7569,-115.23907
307,102.0,124.0,56.0,108.0,135.0,15,Badger Pass,6900,48.13088,-113.02317
308,183.0,79.0,148.0,37.0,40.0,16,Baker Butte,7300,34.4566,-111.40643
309,86.0,79.0,80.0,94.0,118.0,18,Bald Mtn.,9380,44.8007,-107.84442
310,199.0,125.0,140.0,26.0,17.0,19,Baldy,9125,33.97883,-109.50344
311,116.0,114.0,52.0,60.0,109.0,20,Banfield Mountain,5600,48.5712,-115.44573000000001
312,106.0,108.0,54.0,79.0,89.0,21,Banner Summit,7040,44.30342,-115.23447
313,111.0,112.0,64.0,106.0,158.0,23,Barker Lakes,8250,46.09713,-113.13038
314,101.0,126.0,82.0,106.0,116.0,24,Base Camp,7060,43.94019,-110.44543999999999
315,115.0,162.0,56.0,116.0,162.0,25,Basin Creek,7180,45.79737,-112.52046999999999
316,132.0,123.0,111.0,95.0,39.0,26,Bateman,9300,36.512159999999994,-106.32128999999999
317,,96.0,120.0,59.0,55.0,27,Battle Mountain,7440,41.05413,-107.26608999999999
318,102.0,97.0,87.0,98.0,133.0,28,Beagle Springs,8850,44.471470000000004,-112.98191000000001
319,87.0,135.0,56.0,63.0,84.0,29,Bear Basin,5350,44.952220000000004,-116.14293
320,94.0,127.0,75.0,77.0,73.0,30,Bear Canyon,7900,43.74367,-113.93796999999999
321,103.0,101.0,87.0,82.0,59.0,31,Bear Creek,8040,41.83384,-115.45278
322,74.0,97.0,98.0,114.0,84.0,33,Bear Lake,9500,40.31118,-105.64483
323,111.0,117.0,58.0,44.0,100.0,34,Bear Mountain,5400,48.30577,-116.07448000000001
324,100.0,118.0,60.0,52.0,54.0,37,Bear Saddle,6180,44.60533,-116.98097
325,64.0,125.0,70.0,168.0,175.0,38,Bear Trap Meadow,8200,43.88743,-107.06135
326,98.0,117.0,69.0,108.0,205.0,39,Beartooth Lake,9360,44.94307,-109.56743
327,129.0,127.0,172.0,71.0,59.0,40,Beartown,11600,37.71409,-107.51212
328,80.0,114.0,77.0,89.0,111.0,42,Beaver Creek,7850,44.949659999999994,-111.35852
329,147.0,65.0,83.0,80.0,70.0,43,Beaver Dams,7990,39.136829999999996,-111.55813
330,89.0,98.0,121.0,84.0,51.0,44,Beaver Divide,8280,40.61233,-111.09782
331,118.0,63.0,62.0,52.0,72.0,47,Beaver Reservoir,5150,45.14532,-118.219
332,102.0,101.0,125.0,49.0,41.0,49,Ben Lomond Peak,7689,41.37603,-111.94405
333,147.0,111.0,111.0,31.0,26.0,50,Ben Lomond Trail,5972,41.382909999999995,-111.92103
334,97.0,137.0,250.0,55.0,50.0,51,Berry Creek,9377,39.31917,-114.62278
335,105.0,85.0,88.0,109.0,79.0,52,Berthoud Summit,11300,39.80392,-105.77788999999999
336,86,80,76,38,46,55,Big Bend,6898,41.76168,-115.6931
337,129.0,152.0,161.0,50.0,45.0,56,Big Creek Sum,8685,39.29148,-117.11506000000001
338,104.0,115.0,57.0,71.0,89.0,57,Big Creek Summit,6560,44.62621,-115.79561000000001
339,109.0,111.0,163.0,54.0,43.0,58,Big Flat,10349,38.301829999999995,-112.35672
340,87.0,130.0,129.0,44.0,55.0,60,Big Meadow,8235,39.455,-119.9422
341,123.0,135.0,72.0,33.0,35.0,61,Big Red Mountain,6050,42.05257,-122.85486999999999
342,94.0,125.0,133.0,84.0,100.0,62,Big Sandy Opening,9080,42.6458,-109.25965
343,196.0,103.0,39.0,0.0,61.0,63,Bigelow Camp,5130,42.07875,-123.34393
344,133.0,100.0,33.0,7.0,53.0,64,Billie Creek Divide,5280,42.40717,-122.26616999999999
345,,113.0,137.0,70.0,77.0,66,Bison Lake,10880,39.76487,-107.35681000000001
346,,65.0,43.0,94.0,140.0,67,Bisson Creek,4920,47.683890000000005,-113.99901000000001
347,95.0,151.0,94.0,80.0,121.0,68,Black Bear,8170,44.50832,-111.12803000000001
348,103.0,91.0,153.0,121.0,77.0,69,Black Flat-U.M. Ck,9414,38.6799,-111.59765
349,88.0,95.0,56.0,120.0,165.0,72,Black Pine,7210,46.414,-113.43095
350,99.0,123.0,67.0,98.0,167.0,76,Blackwater,9780,44.376670000000004,-109.79333000000001
351,197.0,94.0,24.0,0.0,105.0,77,Blazed Alder,3650,45.4287,-121.85605
352,110.0,131.0,8.0,13.0,74.0,78,Blewett Pass,4240,47.35037,-120.6796
353,99.0,98.0,89.0,118.0,147.0,79,Blind Bull Sum,8650,42.964,-110.60973
354,,66.0,59.0,81.0,109.0,80,Blind Park,6890,44.10772,-103.97688000000001
355,101.0,116.0,55.0,110.0,137.0,81,Bloody Dick,7600,45.16507,-113.50098999999999
356,100.0,152.0,150.0,37.0,36.0,82,Blue Lakes,8067,38.608,-119.92437
357,125.0,90.0,47.0,50.0,58.0,83,Blue Mountain Spring,5870,44.24767,-118.51722
358,92.0,99.0,88.0,101.0,129.0,86,Bone Springs Div,9350,44.67888,-107.5811
359,123.0,86.0,90.0,90.0,62.0,87,Bostetter R.S.,7500,42.16442,-114.19272
360,102.0,110.0,57.0,94.0,144.0,88,Boulder Mountain,7950,46.5596,-111.28973
361,109.0,106.0,41.0,46.0,54.0,89,Bourne,5850,44.83052,-118.18786999999999
362,172.0,77.0,44.0,9.0,71.0,90,Bowman Springs,4530,45.36428,-118.46715
363,123.0,80.0,74.0,118.0,197.0,91,Box Canyon,6670,45.2719,-110.24903
364,,,,,,92,Box Creek,9853,38.50809,-112.01856000000001
365,,101.0,87.0,142.0,179.0,94,Brackett Creek,7320,45.89107,-110.93851000000001
366,,111.0,157.0,68.0,67.0,96,Brighton,8766,40.59936,-111.58166999999999
367,98.0,73.0,94.0,105.0,131.0,98,Brooklyn Lake,10240,41.35885,-106.23208999999999
368,98.0,106.0,191.0,61.0,56.0,99,Brown Duck,10574,40.58102,-110.58587
369,107.0,121.0,92.0,143.0,87.0,101,Brumley,10600,39.08766,-106.5417
370,,100.0,53.0,89.0,107.0,102,Brundage Reservoir,6250,45.04315,-116.13253
371,114.0,115.0,112.0,86.0,51.0,103,Buck Flat,9409,39.134,-111.43722
373,156.0,98.0,78.0,6.0,54.0,108,Buckskin Lower,6930,41.75067,-117.53182
374,112.0,99.0,122.0,82.0,84.0,110,Bug Lake,7987,41.68541,-111.41986999999999
375,119.0,106.0,11.0,21.0,100.0,111,Bumping Ridge,4610,46.81003,-121.33058
376,100.0,120.0,65.0,53.0,115.0,112,Bunchgrass Mdw,5000,48.68688,-117.17633000000001
377,106.0,96.0,70.0,112.0,89.0,113,Burgess Junction,7880,44.78765,-107.52917
378,114.0,96.0,82.0,82.0,62.0,117,Burro Mountain,9400,39.87505,-107.59853000000001
379,,,,,,118,Burroughs Creek,8750,43.69733,-109.67021000000001
380,120.0,133.0,139.0,89.0,65.0,120,Butte,10160,38.89433,-106.953
381,99.0,99.0,50.0,110.0,146.0,122,Calvert Creek,6430,45.8838,-113.32553
382,,114.0,80.0,32.0,43.0,123,Camas Creek Divide,5710,43.26548,-115.3453
383,,153.0,279.0,79.0,38.0,124,Camp Jackson,8858,37.81333,-109.48723000000001
384,88.0,121.0,71.0,91.0,141.0,125,Canyon,7870,44.719609999999996,-110.51083999999999
385,88.0,129.0,75.0,84.0,121.0,126,Carrot Basin,9000,44.96192,-111.29403
386,117.0,78.0,169.0,42.0,38.0,128,Cascade,8880,37.65083,-107.80601999999999
387,,102.0,183.0,41.0,48.0,129,Cascade #2,8920,37.658,-107.80268000000001
388,141.0,76.0,50.0,24.0,76.0,131,Cascade Summit,5100,43.59042,-122.0601
389,113.0,96.0,79.0,73.0,62.0,132,Casper Mtn.,7900,42.73389,-106.31861
390,87.0,165.0,256.0,74.0,54.0,134,Castle Valley,9607,37.66098,-112.74093
391,120.0,156.0,96.0,25.0,60.0,137,Cedar Pass,7030,41.58233,-120.3025
392,103.0,103.0,124.0,66.0,61.0,139,Chalk Creek #1,9171,40.85464,-111.04765
393,116.0,112.0,118.0,68.0,56.0,140,Chalk Creek #2,8208,40.885290000000005,-111.06953999999999
394,106.0,83.0,136.0,91.0,39.0,141,Chamita,8400,36.95636,-106.65682
395,105.0,77.0,69.0,0.0,22.0,143,Chemult Alternate,4850,43.22625,-121.80662
396,98.0,127.0,260.0,56.0,44.0,144,Chepeta,10499,40.77458,-110.0105
398,162.0,81.0,26.0,0.0,64.0,148,Clackamas Lake,3400,45.096579999999996,-121.75443
399,116.0,101.0,142.0,57.0,40.0,150,Clear Creek #1,8975,39.86671,-111.28363
400,129.0,119.0,125.0,56.0,47.0,151,Clear Creek #2,7837,39.89275,-111.25153999999999
401,148.0,85.0,11.0,0.0,34.0,152,Clear Lake,3810,45.188320000000004,-121.6916
402,88.0,120.0,95.0,113.0,123.0,153,Cloud Peak Reservoir,9860,44.40343,-107.06057
403,96.0,123.0,78.0,74.0,127.0,154,Clover Meadow,8600,45.01788,-111.8456
405,84.0,98.0,113.0,116.0,140.0,156,Cold Springs,9630,43.276759999999996,-109.44585
406,108.0,68.0,29.0,4.0,36.0,157,Cold Springs Camp,5940,42.53305,-122.17683000000001
407,93.0,142.0,69.0,114.0,117.0,160,Cole Creek,7850,45.19405,-109.34548000000001
408,104.0,99.0,79.0,84.0,92.0,162,Columbine,9160,40.3948,-106.60408000000001
409,,93.0,166.0,58.0,38.0,163,Columbine Pass,9400,38.41795,-108.38248999999999
410,98.0,51.0,37.0,54.0,137.0,165,Combination,5600,46.46523,-113.39358
411,121.0,96.0,55.0,76.0,121.0,166,Cool Creek,6280,46.76361,-115.29528
412,59.0,41.0,141.0,163.0,74.0,168,Copeland Lake,8600,40.20778,-105.56861
413,,,,,,169,Copper Bottom,5200,47.056779999999996,-112.595
414,,,,,,170,Copper Camp,6950,47.081579999999995,-112.72955
415,111.0,101.0,84.0,114.0,82.0,171,Copper Mountain,10550,39.489540000000005,-106.17095
416,321.0,8.0,300.0,0.0,0.0,173,Coronado Trail,8400,33.80392,-109.15281999999999
417,97.0,129.0,166.0,76.0,66.0,175,Corral Canyon,8445,40.27551,-115.54016999999999
418,55.0,105.0,30.0,49.0,,176,Corral Pass,5800,47.01872,-121.46463999999999
419,89.0,99.0,84.0,112.0,104.0,177,Cottonwood Creek,7670,42.6459,-110.81482
420,197.0,72.0,0.0,0.0,70.0,178,Cougar Mountain,3200,47.27666,-121.67138
422,212.0,0.0,7.0,2.0,44.0,179,County Line,4830,45.19107,-118.55015
423,126.0,120.0,61.0,48.0,57.0,180,Cozy Cove,5400,44.28846,-115.65508
424,109.0,171.0,109.0,52.0,64.0,181,Crab Creek,6900,44.437,-111.99383999999999
425,107.0,87.0,73.0,95.0,128.0,182,Crater Meadows,5960,46.56394,-115.28903000000001
426,,89.0,78.0,120.0,82.0,184,Crosho,9100,40.16745,-107.0575
427,131.0,98.0,67.0,125.0,121.0,187,Crystal Lake,6050,46.78942,-109.51205
428,81.0,139.0,119.0,14.0,21.0,188,Css Lab,6894,39.32565,-120.36806999999999
430,135.0,149.0,142.0,118.0,70.0,189,Culebra #2,10500,37.20945,-105.19958999999999
431,130.0,127.0,146.0,79.0,64.0,190,Cumbres Trestle,10040,37.01878,-106.45178999999999
432,162.0,132.0,152.0,42.0,42.0,191,Currant Creek,7915,40.35747,-111.08993000000001
433,93.0,77.0,74.0,95.0,136.0,193,Daly Creek,5780,46.18367,-113.8533
434,314.0,93.0,0.0,0.0,60.0,194,Daly Lake,3690,44.52147,-122.08718
435,128.0,92.0,149.0,65.0,41.0,195,Daniels-Strawberry,8008,40.2953,-111.25676999999999
436,97.0,118.0,74.0,119.0,132.0,196,Darkhorse Lake,8945,45.17367,-113.58448
437,119.0,78.0,70.0,134.0,140.0,197,Deadman Creek,6450,46.792790000000004,-110.67545
438,101.0,72.0,100.0,104.0,128.0,198,Deadman Hill,10220,40.80571,-105.76993
439,111.0,121.0,58.0,81.0,85.0,199,Deadwood Summit,6860,44.54514,-115.5638
440,134.0,98.0,91.0,54.0,58.0,202,Derr.,5850,44.4465,-119.93012
442,117.0,38.0,10.0,1.0,35.0,203,Diamond Lake,5280,43.187870000000004,-122.14003000000001
443,83.0,79.0,126.0,7.0,40.0,204,Diamond Peak,8017,39.56361,-115.84421
444,116.0,130.0,167.0,101.0,45.0,205,Dills Camp,9228,39.04554,-111.46875
445,116.0,87.0,33.0,5.0,14.0,206,Disaster Peak,6260,41.96737,-118.18933999999999
446,103.0,103.0,92.0,57.0,59.0,207,Dismal Swamp,7360,41.99127,-120.18033
448,79.0,115.0,79.0,70.0,85.0,208,Divide,7800,44.79317,-112.05645
449,103.0,98.0,110.0,36.0,69.0,209,Divide Peak,8880,41.303979999999996,-107.15241
450,,,,,,210,Dollarhide Summit,8420,43.6025,-114.67416999999999
451,86.0,98.0,87.0,108.0,137.0,211,Dome Lake,8880,44.57462,-107.29536999999999
452,,136.0,204.0,125.0,45.0,212,Donkey Reservoir,9799,38.2084,-111.47412
453,93,88,108,72,56,213,Dorsey Basin,7903,40.89343,-115.21104
454,97.0,105.0,71.0,72.0,37.0,214,Draw Creek,7285,41.66198,-115.32396999999999
455,142.0,99.0,130.0,50.0,65.0,215,Dry Bread Pond,8302,41.412890000000004,-111.5377
457,109.0,87.0,90.0,82.0,76.0,218,Dry Lake,8400,40.533970000000004,-106.7813
458,144.0,66.0,11.0,41.0,132.0,220,Dupuyer Creek,5750,48.06341,-112.7573
460,,78.0,84.0,140.0,122.0,223,East Rim Divide,7930,43.13097,-110.2023
461,,129.0,192.0,65.0,60.0,224,East Willow Creek,8302,39.312129999999996,-109.53178999999999
462,82.0,137.0,124.0,53.0,54.0,226,Ebbetts Pass,8661,38.5497,-119.80468
463,64.0,136.0,133.0,28.0,36.0,228,Echo Peak,7653,38.849,-120.0795
464,121.0,103.0,59.0,3.0,46.0,230,Eilertson Meadows,5510,44.86887,-118.11386999999999
465,,121.0,142.0,65.0,74.0,231,El Diente Peak,10000,37.78617,-108.02155
466,131.0,100.0,46.0,63.0,124.0,233,Elk Butte,5690,46.83998,-116.12233
467,98.0,93.0,118.0,72.0,79.0,236,Elk River,8700,40.847809999999996,-106.96871000000002
468,87.0,96.0,100.0,96.0,104.0,237,Elkhart Park G.S.,9400,43.00657,-109.75893
469,134.0,75.0,46.0,94.0,146.0,240,Emery Creek,4350,48.43412,-113.93725
470,332.0,22.0,7.0,0.0,88.0,241,Emigrant Springs,3800,45.55808,-118.45383000000001
471,113.0,106.0,98.0,69.0,63.0,242,Emigrant Summit,7390,42.36055,-111.56085
472,87.0,122.0,72.0,117.0,182.0,244,Evening Star,9200,44.65258,-109.78421999999999
473,129.0,114.0,188.0,14.0,16.0,247,Fallen Leaf,6242,38.93403,-120.0545
474,100.0,108.0,143.0,66.0,51.0,248,Farmington,7902,40.97462,-111.80975
475,105.0,95.0,134.0,100.0,80.0,250,Farnsworth Lake,9623,38.772459999999995,-111.67662
476,129.0,135.0,75.0,67.0,48.0,251,Fawn Creek,7031,41.82098,-116.10153000000001
477,97.0,141.0,67.0,94.0,66.0,253,Fish Creek,7660,42.709920000000004,-118.6321
478,116.0,129.0,30.0,46.0,107.0,254,Fish Lake,3430,47.53565,-121.08553
479,150.0,83.0,18.0,9.0,50.0,256,Fish Lk.,4660,42.3801,-122.34943
480,93.0,111.0,77.0,103.0,174.0,257,Fisher Creek,9100,45.06235,-109.94488
481,98.0,108.0,178.0,68.0,65.0,258,Five Points Lake,10943,40.71785,-110.46721000000001
482,117.0,115.0,72.0,90.0,130.0,259,Flattop Mtn.,6300,48.80225,-113.85713
483,114.0,72.0,40.0,21.0,39.0,265,Fourmile Lake,5970,42.43933,-122.2288
484,126.0,100.0,112.0,91.0,91.0,266,Franklin Basin,8140,42.0505,-111.6012
485,96.0,112.0,86.0,122.0,101.0,268,Fremont Pass,11400,39.379909999999995,-106.19681000000001
486,267.0,92.0,21.0,4.0,0.0,269,Frisco Divide,8000,33.73646,-108.94502
487,110.0,75.0,80.0,117.0,197.0,270,Frohner Meadow,6480,46.43545,-112.19277
488,161.0,120.0,191.0,21.0,61.0,271,Fry,7200,35.07297,-111.84374
489,109.0,134.0,73.0,96.0,79.0,273,Galena,7470,43.87722,-114.6725
490,107.0,126.0,86.0,106.0,94.0,274,Galena Summit,8780,43.874970000000005,-114.71363000000001
491,127.0,121.0,123.0,87.0,38.0,275,Gallegos Peak,9800,36.19446,-105.55795
492,93.0,120.0,76.0,57.0,44.0,278,Garfield R.S.,6560,43.6104,-113.9308
493,148.0,92.0,87.0,84.0,50.0,285,Giveout,6930,42.4132,-111.1663
494,122.0,71.0,67.0,52.0,70.0,290,Gold Center,5410,44.7638,-118.3117
495,121.0,44.0,112.0,59.0,96.0,292,Gooseberry RS,7944,38.800340000000006,-111.68333
496,121.0,123.0,48.0,65.0,69.0,294,Graham Guard Sta.,5690,43.9538,-115.27387
497,,99.0,80.0,109.0,108.0,297,Granite Creek,6770,43.34298,-110.43495
498,122,114,91,56,49,299,Granite Peak,8503,41.670320000000004,-117.56668
499,102.0,120.0,80.0,95.0,100.0,300,Grassy Lake,7265,44.12612,-110.83435
500,120.0,90.0,59.0,79.0,139.0,301,Grave Creek,4300,48.91453,-114.76663
501,,128.0,65.0,107.0,77.0,302,Grave Springs,8550,43.466429999999995,-107.23977
502,66.0,125.0,37.0,45.0,96.0,304,Green Lake,5920,46.54741,-121.17093
503,105.0,77.0,117.0,59.0,50.0,305,Green Mountain,8185,40.3848,-115.52757
504,168.0,76.0,12.0,0.0,35.0,306,Greenpoint,3310,45.622370000000004,-121.70415
505,92.0,101.0,73.0,107.0,94.0,307,Grizzly Peak,11100,39.64631,-105.86973
506,98.0,109.0,93.0,106.0,114.0,308,Gros Ventre Summit,8750,43.38939,-110.12943
507,,,,,,309,Grouse Camp,5390,47.28107,-120.48771
508,71.0,125.0,123.0,6.0,14.0,313,Hagans Meadow,7742,38.8519,-119.9374
509,,96.0,111.0,92.0,80.0,314,Hams Fork,7840,42.146,-110.67833
510,117.0,87.0,19.0,67.0,126.0,315,Hand Creek,5035,48.30754,-114.84075
511,173.0,151.0,184.0,55.0,20.0,316,Hannagan Meadows,9020,33.65387,-109.30951999999999
512,70.0,132.0,94.0,128.0,140.0,317,Hansen Sawmill,8360,44.25602,-106.97983
513,,108.0,135.0,70.0,69.0,403,Lakefork Basin,10885,40.73785,-110.62121
514,146.0,224.0,359.0,35.0,22.0,320,Harris Flat,7792,37.48997,-112.57602
515,100.0,131.0,42.0,101.0,136.0,321,Harts Pass,6490,48.72047,-120.6586
516,107.0,98.0,62.0,82.0,121.0,322,Hawkins Lake,6450,48.9723,-115.95336999999999
517,123.0,92.0,131.0,60.0,79.0,324,Hayden Fork,9130,40.796690000000005,-110.88472
518,80.0,139.0,149.0,37.0,55.0,326,Heavenly Valley,8534,38.92431,-119.91641000000001
519,120.0,111.0,147.0,20.0,11.0,327,Heber,7640,34.312020000000004,-110.75431
520,132.0,100.0,57.0,73.0,132.0,329,Hemlock Butte,5810,46.48111,-115.63361
521,,85.0,97.0,89.0,84.0,330,Hewinta,9500,40.95009,-110.48418999999998
522,,83.0,120.0,86.0,98.0,331,Hickerson Park,9122,40.90663,-109.96287
523,133.0,104.0,31.0,58.0,91.0,334,High Ridge,4920,45.69682,-118.10656999999999
524,112.0,115.0,89.0,87.0,74.0,335,Hilts Creek,8000,44.01897,-113.4723
525,93.0,153.0,126.0,79.0,138.0,337,Hobbs Park,10100,42.86984,-109.09455
526,202.0,169.0,43.0,1.0,54.0,338,Hogg Pass,4790,44.42042,-121.85655
527,,,,,,339,Hole-in-Mountain,8163,40.94168,-115.0954
528,,100.0,102.0,86.0,88.0,340,Hole-in-Rock,9168,40.92167,-110.18623000000001
529,201.0,52.0,2.0,3.0,44.0,341,Holland Meadows,4930,43.66917,-122.56877
530,118.0,104.0,58.0,75.0,123.0,342,Hoodoo Basin,6050,46.9751,-115.0349
531,91.0,108.0,98.0,127.0,100.0,343,Hoosier Pass,11400,39.361270000000005,-106.05978
532,123.0,121.0,116.0,86.0,37.0,344,Hopewell,10000,36.71631,-106.26348
533,118.0,98.0,111.0,73.0,63.0,346,Horse Ridge,8199,41.31372,-111.44623999999999
534,71.0,75.0,67.0,117.0,78.0,349,Howell Canyon,7980,42.32029,-113.61587
535,157.0,41.0,17.0,59.0,151.0,352,Humboldt Gulch,4250,47.53178,-115.77643
537,96.0,129.0,73.0,93.0,65.0,354,Hyndman,7620,43.710770000000004,-114.15893999999999
538,113.0,134.0,119.0,114.0,75.0,355,Idarado,9800,37.9339,-107.67551999999999
539,86.0,164.0,130.0,5.0,36.0,357,Independence Camp,6980,39.452690000000004,-120.29366999999999
540,96.0,127.0,141.0,2.0,17.0,358,Independence Creek,6436,39.49001,-120.28226000000001
541,72.0,136.0,107.0,53.0,54.0,359,Independence Lake,8338,39.42752,-120.31342
542,95.0,118.0,101.0,103.0,68.0,361,Independence Pass,10600,39.075390000000006,-106.61169
543,107.0,109.0,220.0,61.0,56.0,362,Indian Canyon,9171,39.891659999999995,-110.74604
544,96.0,106.0,120.0,89.0,87.0,363,Indian Creek,9425,42.30023,-110.67753
545,136.0,100.0,60.0,31.0,59.0,366,Irish Taylor,5540,43.80368,-121.94793
546,106.0,143.0,92.0,79.0,99.0,368,Island Park,6290,44.4203,-111.38512
547,,116.0,93.0,110.0,112.0,369,Ivanhoe,10400,39.29202,-106.54923000000001
548,112.0,99.0,69.0,71.0,51.0,370,Jack Creek Upper,7377,41.54675,-116.00516999999999
550,99.0,111.0,53.0,81.0,78.0,373,Jackson Peak,7070,44.05092,-115.44322
551,94.0,69.0,87.0,83.0,80.0,376,Joe Wright,10120,40.53215,-105.887
552,224.0,106.0,18.0,0.0,58.0,380,Jump Off Joe,3520,44.38605,-122.16683
553,117.0,88.0,26.0,0.0,115.0,381,June Lake,3440,46.14778,-122.15413000000001
554,88.0,102.0,116.0,88.0,82.0,385,Kelley R.S.,8180,42.26554,-110.80176999999999
555,,96.0,98.0,111.0,129.0,388,Kendall R.S.,7740,43.2493,-110.01661999999999
556,102.0,112.0,91.0,77.0,76.0,390,Kiln,9600,39.317240000000005,-106.61453
557,113.0,116.0,132.0,63.0,48.0,391,Kimberly Mine,9101,38.48383,-112.39273
558,325.0,0.0,0.0,8.0,179.0,392,King Mountain,4340,42.72395,-123.20036999999999
559,121.0,149.0,206.0,36.0,66.0,393,Kings Cabin,8728,40.71632,-109.54401000000001
560,99.0,124.0,77.0,126.0,234.0,394,Kirwin,9550,43.86067,-109.32163
561,102.0,163.0,285.0,65.0,48.0,396,Kolob,9263,37.52664,-113.05386000000001
562,,,,,,397,Kraft Creek,4750,47.42749,-113.77515
563,102.0,95.0,40.0,43.0,53.0,398,Lake Creek R.S.,5240,44.21007,-118.63752
564,82.0,76.0,90.0,122.0,96.0,399,Lake Eldora,9700,39.93678,-105.58956
565,98.0,89.0,83.0,93.0,82.0,400,Lake Irene,10700,40.414320000000004,-105.8198
566,90.0,138.0,202.0,69.0,45.0,401,Lakefork #1,10128,40.59709,-110.43316000000002
568,107.0,127.0,113.0,49.0,60.0,404,Lakeview Ridge,7400,44.58907,-111.82498000000001
569,165.0,100.0,57.0,0.0,13.0,405,Lamance Creek,6395,41.51542,-117.63197
570,92,70,108,57,64,406,Lamoille #3,8051,40.6448,-115.3812
571,117.0,82.0,65.0,72.0,68.0,407,Laprele Creek,8375,42.435829999999996,-105.86083
572,73.0,98.0,133.0,71.0,61.0,409,Lasal Mountain,9578,38.48226,-109.27198
573,102.0,91.0,66.0,25.0,49.0,411,Laurel Draw,6682,41.77637,-116.02956999999999
574,,125.0,132.0,55.0,46.0,412,Leavitt Lake,9604,38.275940000000006,-119.61281000000001
575,71.0,126.0,225.0,2.0,2.0,413,Leavitt Meadows,7198,38.303670000000004,-119.55111000000001
576,91.0,119.0,77.0,107.0,105.0,415,Lemhi Ridge,8100,44.9938,-113.44398999999999
577,104.0,125.0,76.0,84.0,127.0,416,Lewis Lake Divide,7850,44.20862,-110.66628
578,120.0,107.0,62.0,93.0,122.0,418,Lick Creek,6860,45.5041,-110.96625
579,119.0,105.0,130.0,70.0,79.0,420,Lily Lake,9133,40.86493,-110.79813
580,144.0,136.0,160.0,69.0,78.0,421,Lily Pond,11000,37.379290000000005,-106.54835
582,152.0,82.0,135.0,13.0,46.0,422,Little Bear,6548,41.40562,-111.82607
583,,0.0,78.0,48.0,0.0,425,Little Grassy,6065,37.486309999999996,-113.84581999999999
584,183.0,37.0,36.0,0.0,90.0,426,Little Meadows,4020,44.612970000000004,-122.22565
585,99.0,104.0,84.0,105.0,163.0,429,Little Warm,9370,43.50278,-109.752
586,110.0,111.0,132.0,97.0,60.0,430,Lizard Head Pass,10200,37.79926,-107.92426
587,66.0,113.0,164.0,34.0,37.0,431,Lobdell Lake,9249,38.43745,-119.36572
588,115.0,85.0,50.0,81.0,124.0,432,Lolo Pass,5240,46.634479999999996,-114.58072
589,113.0,116.0,115.0,73.0,51.0,433,Lone Cone,9600,37.89183,-108.19543999999999
590,,100.0,77.0,86.0,154.0,434,Lone Mountain,8880,45.27412,-111.42692
591,118.0,96.0,32.0,0.0,128.0,435,Lone Pine,3930,46.27143,-121.96288
592,125.0,153.0,192.0,48.0,26.0,438,Long Flat,7982,37.51255,-113.39661000000001
593,,131.0,279.0,42.0,4.0,441,Long Valley Jct,7465,37.487559999999995,-112.51458000000001
594,130.0,91.0,38.0,40.0,97.0,442,Lookout,5190,47.45749,-115.70456999999999
595,650.0,17.0,50.0,0.0,0.0,443,Lookout Mountain,8500,33.36027,-107.83122
596,,113.0,119.0,71.0,49.0,444,Lookout Peak,8161,40.837309999999995,-111.70965
597,93.0,87.0,96.0,115.0,121.0,445,Loomis Park,8240,43.17387,-110.14007
599,,99.0,22.0,14.0,47.0,448,Lost Horse,5120,46.3575,-121.08095
600,135.0,98.0,55.0,65.0,120.0,449,Lost Lake,6110,47.0809,-115.9604
601,100.0,130.0,67.0,84.0,71.0,450,Lost-Wood Divide,7900,43.82432,-114.26402
602,,90.0,83.0,99.0,85.0,452,Loveland Basin,11400,39.67433,-105.90133
603,95.0,118.0,74.0,97.0,141.0,454,Lower Twin,7900,45.50871,-111.92288
604,100.0,68.0,36.0,111.0,191.0,455,Lubrecht Flume,4680,46.88293,-113.32228
605,185.0,32.0,38.0,25.0,66.0,456,Lucky Strike,4970,45.27478,-118.8479
606,91.0,132.0,53.0,78.0,106.0,457,Lyman Lake,5980,48.19798,-120.91678
607,116.0,103.0,93.0,100.0,90.0,459,Lynx Pass,8880,40.07806,-106.67028
608,221.0,0.0,21.0,26.0,62.0,460,Madison Butte,5150,45.105129999999996,-119.49585
609,103.0,148.0,88.0,77.0,129.0,461,Madison Plateau,7750,44.58623,-111.11627
610,101.0,82.0,82.0,96.0,62.0,462,Magic Mountain,6880,42.18072,-114.28662
612,123.0,106.0,111.0,61.0,46.0,463,Mammoth-Cottonwood,8709,39.68338,-111.31818
613,144.0,83.0,26.0,37.0,145.0,465,Many Glacier,4900,48.79698,-113.6705
614,264.0,140.0,36.0,0.0,79.0,466,Marion Forks,2590,44.59397,-121.97365
615,79,155,137,46,28,467,Marlette Lake,7884,39.16395,-119.89672
616,,,,,,468,Marquette,8760,44.3016,-109.24018999999998
617,220.0,126.0,164.0,54.0,21.0,470,Maverick Fork,9200,33.921209999999995,-109.45881000000001
618,132.0,127.0,160.0,70.0,59.0,472,Mc Clure Pass,9500,39.12897,-107.28806000000002
619,129.0,88.0,44.0,12.0,65.0,474,Mckenzie,4770,44.2103,-121.87292
620,109.0,123.0,69.0,94.0,116.0,478,Meadow Lake,9150,44.43655,-113.31815
621,97.0,120.0,150.0,55.0,40.0,482,Merchant Valley,8705,38.30285,-112.43637
622,,140.0,182.0,62.0,48.0,484,Mesa Lakes,10000,39.05831,-108.05835
623,,83.0,41.0,48.0,122.0,486,Mica Creek,4510,47.15045,-116.26643
624,136.0,108.0,158.0,77.0,62.0,489,Middle Creek,11250,37.61978,-107.03482
625,108.0,171.0,58.0,124.0,86.0,492,Middle Powder,7760,43.62728,-107.18138
626,125.0,157.0,334.0,66.0,57.0,493,Midway Valley,9827,37.56933,-112.83849
627,110.0,107.0,67.0,100.0,152.0,495,Mill Creek Summit,8800,44.472120000000004,-114.48992
628,,102.0,134.0,66.0,60.0,496,Mill-D North,8963,40.65883,-111.63683
629,114.0,136.0,144.0,89.0,59.0,498,Mineral Creek,10040,37.84747,-107.72657
631,,114.0,152.0,56.0,50.0,499,Mining Fork,8295,40.493840000000006,-112.61141
632,,151.0,159.0,72.0,62.0,500,Molas Lake,10500,37.749320000000004,-107.68866000000001
633,,103.0,132.0,28.0,38.0,503,Monitor Pass,8306,38.6683,-119.6087
634,131.0,118.0,119.0,76.0,74.0,504,Monte Cristo,8932,41.46547,-111.49688
635,93.0,107.0,77.0,111.0,182.0,506,Monument Peak,8850,45.21759,-110.237
636,88.0,137.0,82.0,114.0,101.0,508,Moonshine,7440,44.4147,-113.39811999999999
637,100.0,122.0,51.0,71.0,62.0,512,Mores Creek Summit,6100,43.932,-115.66588
638,93.0,99.0,63.0,111.0,120.0,510,Moose Creek,6200,45.67008,-113.95315
639,120.0,109.0,65.0,92.0,98.0,513,Morgan Creek,7600,44.84237,-114.26871000000001
640,245.0,160.0,240.0,43.0,40.0,514,Mormon Mountain,7500,34.94109,-111.51848999999999
642,84.0,140.0,28.0,46.0,107.0,516,Morse Lake,5410,46.90585,-121.4827
643,104.0,200.0,261.0,49.0,54.0,517,Mosby Mtn.,9553,40.60798,-109.8881
644,,110.0,32.0,41.0,102.0,519,Moses Mtn,5010,48.36163,-119.08158999999999
645,114.0,95.0,54.0,56.0,109.0,520,Mosquito Ridge,5260,48.05726,-116.23055
646,,127.0,63.0,122.0,148.0,521,Moss Peak,6780,47.68493,-113.9623
647,125.0,101.0,49.0,75.0,96.0,522,Moss Springs,5760,45.27173,-117.68746999999999
648,,111.0,39.0,3.0,111.0,523,Mount Crag,3960,47.7637,-123.026
649,113.0,97.0,58.0,98.0,162.0,525,Mount Lockhart,6400,47.91727,-112.8238
650,106.0,76.0,63.0,122.0,137.0,526,Mountain Meadows,6320,45.696940000000005,-115.22972
651,153.0,98.0,25.0,31.0,75.0,529,Mt Hood Test Site,5370,45.32097,-121.7158
652,80.0,150.0,115.0,52.0,55.0,531,Mt Rose Ski Area,8801,39.31573,-119.89473000000001
653,89.0,83.0,67.0,112.0,79.0,534,Mt. Howard,7910,45.26522,-117.17373
654,92.0,123.0,49.0,4.0,18.0,537,Mud Flat,5730,42.6004,-116.55925
655,166.0,87.0,34.0,4.0,80.0,538,Mud Ridge,4070,45.25362,-121.73673000000001
656,96.0,120.0,59.0,114.0,161.0,539,Mule Creek,8300,45.40957,-112.95926999999999
657,109.0,84.0,65.0,112.0,160.0,542,N Fk Elk Creek,6250,46.8716,-113.27725
658,,131.0,71.0,100.0,97.0,543,Nast Lake,8700,39.29722,-106.60694
660,125.0,73.0,45.0,2.0,38.0,547,New Crescent Lake,4910,43.51185,-121.97981999999999
661,,90.0,101.0,116.0,120.0,548,New Fork Lake,8340,43.11265,-109.94946999999999
662,110.0,92.0,57.0,106.0,123.0,549,Nez Perce Camp,5650,45.73107,-114.48075
663,97.0,79.0,99.0,119.0,98.0,550,Niwot,9910,40.03523,-105.54426000000001
664,111.0,107.0,65.0,110.0,163.0,551,Noisy Basin,6040,48.15678,-113.94637
665,51.0,122.0,144.0,120.0,12.0,552,North Costilla,10600,36.99378,-105.25963
666,218.0,70.0,30.0,0.0,110.0,553,North Fork,3060,45.5505,-122.00283
667,,81.0,70.0,97.0,146.0,554,North Fork Jocko,6330,47.2726,-113.75617
668,89.0,89.0,94.0,87.0,104.0,555,North French Creek,10130,41.3308,-106.37555
669,,126.0,155.0,69.0,73.0,556,North Lost Trail,9200,39.07813,-107.14388999999998
670,96.0,106.0,54.0,115.0,154.0,558,Northeast Entrance,7350,45.00565,-110.01406000000001
671,111.0,66.0,65.0,5.0,50.0,562,Ochoco Meadows,5430,44.42917,-120.3311
672,138.0,97.0,17.0,18.0,105.0,563,Olallie Meadows,4030,47.37406,-121.44213
673,99.0,102.0,121.0,74.0,86.0,564,Old Battle,10000,41.15397,-106.96937
675,,121.0,186.0,68.0,42.0,566,Overland Res.,9840,39.090559999999996,-107.63472
676,54.0,146.0,72.0,105.0,87.0,567,Owl Creek,8975,43.65868,-109.00988000000001
677,94.0,99.0,104.0,39.0,27.0,568,Oxford Spring,6740,42.26015,-112.12515
679,107.0,112.0,39.0,38.0,106.0,571,Paradise,5130,46.78265,-121.74765
680,105.0,124.0,116.0,81.0,77.0,573,Park Cone,9600,38.819959999999995,-106.58973999999999
681,97.0,91.0,37.0,58.0,109.0,574,Park Creek Ridge,4600,48.44488,-120.91551000000001
682,115.0,122.0,194.0,55.0,44.0,575,Park Reservoir,9960,39.046440000000004,-107.87414
683,90.0,122.0,76.0,119.0,177.0,576,Parker Peak,9400,44.733959999999996,-109.91483999999998
684,144.0,102.0,99.0,82.0,70.0,577,Parleys Summit,7585,40.76184,-111.62917
686,120.0,89.0,107.0,45.0,57.0,579,Payson R.S.,8044,39.929759999999995,-111.63108999999999
687,170.0,78.0,17.0,0.0,54.0,580,Peavine Ridge,3420,45.04148,-121.93252
688,94.0,89.0,87.0,99.0,100.0,583,Phantom Valley,9030,40.399370000000005,-105.84756999999999
689,94.0,110.0,95.0,102.0,101.0,584,Phillips Bench,8200,43.516870000000004,-110.91258
690,151.0,79.0,49.0,106.0,135.0,585,Pickfoot Creek,6650,46.57978,-111.26831999999999
691,106.0,91.0,97.0,95.0,69.0,586,Pickle Keg,9020,39.012190000000004,-111.58259
692,94.0,100.0,32.0,44.0,108.0,588,Pigtail Peak,5800,46.62153,-121.38643
693,,,,,,589,Pike Creek,5930,48.30305,-113.32868
694,112.0,107.0,123.0,99.0,72.0,590,Pine Creek,8734,38.88185,-112.24915
695,,115.0,75.0,99.0,80.0,591,Pine Creek Pass,6720,43.56998,-111.21157
696,112.0,113.0,79.0,105.0,174.0,593,Placer Basin,8830,45.41905,-110.08843999999999
697,81.0,126.0,151.0,24.0,30.0,595,Poison Flat,7736,38.505759999999995,-119.62624
698,108.0,97.0,83.0,83.0,74.0,597,Pole Creek R.S.,8360,41.87255,-115.24713
699,94.0,148.0,44.0,63.0,90.0,599,Pope Ridge,3590,47.9909,-120.56622
700,110.0,104.0,56.0,62.0,194.0,600,Porcupine,6500,46.11192,-110.4696
701,106.0,95.0,126.0,105.0,79.0,601,Porphyry Creek,10760,38.48884,-106.33965
702,145.0,98.0,13.0,45.0,134.0,603,Potato Hill,4510,46.34963,-121.51435
703,73.0,94.0,108.0,120.0,176.0,604,Powder River Pass,9480,44.16188,-107.12621999999999
704,,0.0,80.0,0.0,48.0,605,Prairie,4800,43.50513,-115.573
705,232.0,140.0,154.0,15.0,35.0,606,Promontory,7930,34.36824,-111.01083999999999
706,553.0,0.0,0.0,20.0,80.0,608,Quartz Mountain,5720,42.31923,-120.82533000000001
707,,118.0,24.0,32.0,98.0,609,Quartz Peak,4700,47.87927,-117.08938
708,156.0,131.0,156.0,73.0,17.0,610,Quemazon,9500,35.92244,-106.39203
709,,99.0,81.0,92.0,69.0,611,Rabbit Ears,9400,40.36783,-106.74038
710,,,,,,613,Railroad Overpass,2680,43.65887,-122.21271999999999
711,104.0,153.0,35.0,79.0,120.0,615,Rainy Pass,4890,48.51865,-120.7358
712,138.0,85.0,12.0,2.0,77.0,617,Red Hill,4410,45.4643,-121.70428000000001
713,129.0,120.0,132.0,90.0,69.0,618,Red Mountain Pass,11200,37.8918,-107.71342
714,138.0,101.0,109.0,73.0,54.0,619,Red Pine Ridge,8988,39.45197,-111.27221000000002
715,97.0,91.0,128.0,110.0,32.0,620,Red River Pass #2,9850,36.69925,-105.34125
716,101.0,81.0,66.0,83.0,75.0,623,Reno Hill,8400,42.57111,-106.08888999999999
717,,100.0,98.0,89.0,89.0,628,Ripple Creek,10340,40.10812,-107.29411
718,99.0,73.0,97.0,74.0,91.0,629,Roach,9700,40.87502,-106.04603
719,151.0,82.0,36.0,3.0,54.0,630,Roaring River,4950,43.90098,-122.03063
720,117.0,93.0,199.0,61.0,21.0,631,Rock Creek,7886,40.54875,-110.69292
721,105.0,21.0,48.0,13.0,10.0,632,Rock Springs,5290,44.008829999999996,-118.83842
722,101.0,104.0,58.0,118.0,183.0,633,Rocker Peak,8000,46.35613,-112.26176000000001
723,138.0,136.0,151.0,51.0,52.0,634,Rocky Basin-Settleme,8704,40.44293,-112.22377
724,87.0,139.0,135.0,14.0,12.0,638,Rubicon #2,7619,38.99927,-120.13139
725,99.0,101.0,82.0,90.0,153.0,639,S Fork Shields,8100,46.0896,-110.43363000000001
726,,,,,,641,Saddle Mountain,3110,45.54477,-123.37315
727,99.0,108.0,61.0,117.0,144.0,642,Saddle Mtn.,7940,45.69259,-113.96828000000001
728,74.0,155.0,54.0,75.0,114.0,646,Salmon Meadows,4460,48.65518,-119.8383
729,148.0,90.0,25.0,1.0,50.0,647,Salt Creek Falls,4220,43.61193,-122.11758
730,84.0,103.0,96.0,93.0,76.0,648,Salt River Summit,7640,42.5075,-110.9099
731,98.0,83.0,86.0,84.0,100.0,650,Sand Lake,10050,41.46257,-106.28107
732,,99.0,99.0,53.0,71.0,651,Sandstone RS,8150,41.11172,-107.1706
733,195.0,74.0,3.0,0.0,54.0,654,Santiam Jct.,3740,44.43503,-121.94502
734,101.0,133.0,33.0,40.0,102.0,656,Sasse Ridge,4340,47.38485,-121.06323
735,111.0,102.0,55.0,85.0,138.0,658,Savage Pass,6190,46.46633,-114.63333
736,111.0,142.0,53.0,68.0,74.0,661,Schneider Meadows,5400,45.00107,-117.16521999999999
737,,127.0,138.0,75.0,81.0,662,Schofield Pass,10700,39.01522,-107.04876999999999
738,119.0,108.0,57.0,66.0,123.0,664,Schweitzer Basin,6090,48.37428,-116.63917
739,,111.0,138.0,72.0,42.0,665,Scotch Creek,9100,37.645559999999996,-108.00786000000001
740,116.0,117.0,52.0,79.0,83.0,666,Secesh Summit,6540,45.18848,-115.97152
741,,99.0,107.0,70.0,71.0,667,Sedgwick Peak,7850,42.52497,-111.95635
742,143.0,130.0,126.0,74.0,41.0,668,Seeley Creek,9904,39.31042,-111.43297
743,,,,,,669,Seine Creek,2060,45.52688,-123.29857
744,120.0,110.0,111.0,79.0,38.0,670,Senorita Divide #2,8600,36.001979999999996,-106.83348000000001
745,114.0,86.0,38.0,1.0,45.0,672,Sevenmile Marsh,5700,42.69825,-122.14165
746,91.0,96.0,76.0,63.0,29.0,673,Seventysix Creek,7350,41.737320000000004,-115.47215
747,152.0,83.0,31.0,41.0,98.0,674,Shanghi Summit,4600,46.56603,-115.74216000000001
748,156.0,70.0,14.0,1.0,115.0,676,Sheep Canyon,3990,46.19325,-122.25393000000001
749,108.0,95.0,81.0,81.0,67.0,677,Sheep Mtn.,6650,43.2103,-111.68791999999999
751,97.0,99.0,90.0,91.0,150.0,678,Shell Creek,9580,44.50012,-107.42947
752,159.0,91.0,31.0,3.0,118.0,679,Sherwin,3200,46.95028,-116.33972
753,,114.0,77.0,75.0,105.0,680,Short Creek,7000,44.97572,-111.95215
754,102.0,96.0,81.0,105.0,148.0,681,Shower Falls,8100,45.40125,-110.95758000000001
755,279.0,123.0,98.0,0.0,0.0,684,Signal Peak,8360,32.924009999999996,-108.14538
756,113.0,62.0,86.0,4.0,20.0,685,Silver Creek,5740,42.95615,-121.18123
757,254.0,98.0,139.0,53.0,31.0,686,Silver Creek Divide,9000,33.37106,-108.70618
759,117.0,88.0,64.0,26.0,40.0,688,Silvies,6990,42.75333,-118.68785
760,98.0,105.0,54.0,98.0,132.0,689,Skalkaho Summit,7250,46.24212,-113.7725
761,113.0,91.0,89.0,120.0,93.0,694,Slug Creek Divide,7225,42.56248,-111.29796999999999
762,106.0,119.0,146.0,102.0,69.0,695,Slumgullion,11560,37.9908,-107.20326999999999
763,124.0,102.0,114.0,67.0,39.0,697,Smith  Morehouse,7631,40.78931,-111.09192
764,,117.0,73.0,97.0,110.0,699,Snake River Station,6920,44.13361,-110.66917
765,90.0,95.0,122.0,127.0,110.0,700,Snider Basin,8060,42.4949,-110.53203
766,,125.0,176.0,71.0,61.0,702,Snowbird,9617,40.564,-111.655
767,114.0,126.0,65.0,48.0,51.0,701,Snow Mountain,6230,43.94885,-119.54013
769,,134.0,70.0,52.0,39.0,706,Soldier R.S.,5740,43.48407,-114.82692
770,113.0,92.0,81.0,79.0,75.0,707,Somsen Ranch,6800,42.95275,-111.35933
771,98.0,133.0,165.0,41.0,39.0,708,Sonora Pass,8770,38.31021,-119.6003
772,73.0,69.0,84.0,64.0,78.0,710,South Brush Creek,8440,41.32943,-106.50248
773,,111.0,142.0,79.0,48.0,711,South Colony,10800,37.968109999999996,-105.53787
774,101.0,139.0,58.0,23.0,37.0,713,South Mtn.,6500,42.76478,-116.90037
775,,139.0,148.0,76.0,80.0,714,South Pass,9040,42.573170000000005,-108.84325
776,,92.0,15.0,0.0,76.0,715,Spencer Meadow,3400,46.1795,-121.92661000000001
777,367.0,67.0,0.0,0.0,156.0,716,Spirit Lake,3520,46.26113,-122.1772
778,165.0,21.0,403.0,18.0,35.0,718,Spratt Creek,6063,38.666270000000004,-119.81741000000001
779,87.0,100.0,106.0,119.0,113.0,719,Spring Creek Divide,9000,42.52516,-110.66148000000001
780,,134.0,175.0,72.0,51.0,721,Spud Mountain,10660,37.69866,-107.77715
781,113.0,90.0,78.0,122.0,150.0,722,Spur Park,8100,46.77962,-110.62165
782,110.0,122.0,73.0,43.0,78.0,723,Squaw Flat,6240,44.77091,-116.24805
783,,72.0,55.0,94.0,133.0,693,Sleeping Woman,6150,47.17902,-114.33368
784,59.0,158.0,125.0,40.0,39.0,724,Squaw Valley G.C.,8013,39.189859999999996,-120.26576000000001
786,98.0,108.0,110.0,67.0,56.0,725,St. Lawrence Alt,8620,43.03313,-109.17025
787,101.0,115.0,80.0,88.0,125.0,727,Stahl Peak,6030,48.90902,-114.86298000000001
788,115.0,137.0,14.0,12.0,84.0,728,Stampede Pass,3850,47.27427,-121.34161999999999
789,127.0,16.0,63.0,11.0,56.0,729,Starr Ridge,5250,44.26423,-119.02162
790,103.0,104.0,108.0,77.0,89.0,731,Steel Creek Park,10158,40.90862,-110.50461999999999
791,136.0,121.0,31.0,33.0,118.0,732,Stevens Pass,3950,47.74607,-121.09288000000001
792,99.0,125.0,81.0,100.0,81.0,733,Stickney Mill,7430,43.86117,-114.20902
793,,94.0,104.0,101.0,96.0,735,Stillwater Creek,8720,40.225429999999996,-105.91977
794,112.0,0.0,19.0,2.0,28.0,736,Strawberry,5770,42.12587,-120.8361
795,107.0,104.0,131.0,67.0,43.0,737,Strawberry Divide,8123,40.16483,-111.20665
797,,133.0,209.0,71.0,50.0,740,Stump Lakes,11200,37.476209999999995,-107.63295
798,92.0,116.0,88.0,113.0,93.0,741,Sucker Creek,8880,44.7225,-107.40033000000001
800,123.0,101.0,91.0,46.0,53.0,743,Summer Rim,7080,42.6957,-120.80158
801,115.0,90.0,59.0,31.0,75.0,745,Summit Lake,5610,43.44907,-122.13808
802,103.0,99.0,100.0,102.0,84.0,748,Summit Ranch,9400,39.71796,-106.15802
803,161.0,89.0,48.0,54.0,124.0,751,Sunset,5540,47.55545,-115.82422
804,124.0,100.0,18.0,22.0,102.0,752,Surprise Lakes,4290,46.09497,-121.76345
805,99.0,124.0,82.0,77.0,60.0,757,Swede Peak,7640,43.626,-113.96887
806,116.0,122.0,76.0,88.0,129.0,759,Sylvan Lake,8420,44.47764,-110.15651000000001
807,,110.0,78.0,109.0,136.0,760,Sylvan Road,7120,44.47825,-110.03808000000001
809,89.0,148.0,137.0,7.0,11.0,761,Tahoe City Cross,6797,39.171620000000004,-120.15361999999999
810,101.0,93.0,120.0,0.0,14.0,764,Taylor Butte,5030,42.69108,-121.42591999999999
811,46,65,113,0,8,765,Taylor Canyon,6325,41.2287,-116.0293
812,119.0,101.0,46.0,60.0,76.0,766,Taylor Green,5740,45.07707,-117.55067
813,81.0,123.0,82.0,81.0,86.0,770,Tepee Creek,8000,44.78562,-111.71
814,,124.0,183.0,63.0,64.0,772,Thaynes Canyon,9230,40.6235,-111.53322
815,135.0,99.0,39.0,18.0,41.0,774,Three Creeks Meadow,5690,44.14425,-121.64095
816,,126.0,89.0,74.0,124.0,775,Thumb Divide,7980,44.369170000000004,-110.57717
817,,116.0,34.0,57.0,108.0,776,Thunder Basin,4320,48.52753,-120.9895
818,,93.0,14.0,105.0,81.0,777,Tie Creek,6870,44.81243,-107.41017
819,,154.0,41.0,141.0,73.0,778,Timber Creek,7950,44.0274,-109.17878999999999
820,121.0,104.0,174.0,55.0,34.0,780,Timpanogos Divide,8140,40.42817,-111.61633
821,138.0,97.0,53.0,55.0,68.0,782,Tipton,5150,44.65567,-118.42617
822,102.0,106.0,75.0,112.0,141.0,785,Togwotee Pass,9580,43.74902,-110.0578
823,103.0,87.0,124.0,92.0,84.0,789,Tony Grove Lake,8474,41.89833,-111.62957
824,160.0,103.0,26.0,37.0,75.0,791,Touchet,5530,46.11868,-117.8505
825,101.0,100.0,84.0,73.0,75.0,792,Tower,10500,40.53743,-106.6768
826,95.0,132.0,129.0,78.0,92.0,793,Townsend Creek,8700,42.69525,-108.89572
827,,,,,,794,Trapper Lake,9700,39.99884,-107.2362
828,116.0,94.0,143.0,73.0,67.0,796,Trial Lake,9992,40.678,-110.94873
829,,123.0,135.0,100.0,57.0,797,Trinchera,10860,37.35328,-105.23233
830,97.0,112.0,63.0,85.0,71.0,799,Trinity Mtn.,7770,43.62903,-115.43818
831,,92.0,90.0,126.0,138.0,800,Triple Peak,8500,42.76393,-110.5914
832,94.0,145.0,7.0,49.0,124.0,801,Trough,5480,47.23328,-120.29411999999999
833,101.0,139.0,229.0,47.0,69.0,802,Trout Creek,9518,40.739,-109.6728
834,78.0,128.0,152.0,24.0,26.0,803,Truckee #2,6509,39.30087,-120.18406999999999
835,114.0,61.0,53.0,79.0,113.0,805,Twelvemile Creek,5600,46.14287,-114.44755
836,98.0,97.0,61.0,104.0,145.0,806,Twin Lakes,6400,46.1438,-114.5056
837,86.0,120.0,86.0,104.0,146.0,807,Two Ocean Plateau,9240,44.15178,-110.22122
838,89.0,82.0,86.0,113.0,105.0,808,University Camp,10300,40.032790000000006,-105.57615
839,,102.0,139.0,96.0,52.0,812,Upper Rio Grande,9400,37.721940000000004,-107.26015
840,125.0,117.0,192.0,60.0,52.0,813,Upper San Juan,10200,37.48576,-106.83535
841,89.0,140.0,53.0,54.0,82.0,816,Upper Wheeler,4330,47.28734,-120.37015
842,117.0,92.0,99.0,93.0,68.0,821,Vail Mountain,10300,39.61676,-106.38006000000001
843,,132.0,196.0,76.0,44.0,822,Vallecito,10880,37.4851,-107.5068
844,149.0,146.0,135.0,50.0,57.0,824,Vernon Creek,7401,39.93667,-112.41478000000001
845,103.0,123.0,62.0,98.0,88.0,825,Vienna Mine,8960,43.79942,-114.85273000000001
846,89.0,135.0,203.0,29.0,39.0,826,Virginia Lakes Ridge,9445,38.07298,-119.23433
847,110.0,74.0,44.0,73.0,154.0,828,Waldron,5600,47.919979999999995,-112.79087
848,75.0,135.0,136.0,21.0,30.0,829,Ward Creek #3,6745,39.13545,-120.21865
849,102.0,116.0,200.0,42.0,30.0,830,Ward Mountain,9200,39.13242,-114.95575
850,79.0,98.0,61.0,132.0,195.0,831,Warm Springs,7800,46.27368,-113.164
852,102.0,80.0,109.0,72.0,82.0,833,Webber Springs,9250,41.159459999999996,-106.92714
853,137.0,138.0,241.0,62.0,61.0,834,Webster Flat,9203,37.575,-112.90155
854,,136.0,142.0,83.0,14.0,837,Wesner Springs,11120,35.77556,-105.5425
855,101.0,118.0,56.0,57.0,67.0,838,West Branch,5560,45.0722,-116.45413
857,106.0,105.0,148.0,108.0,40.0,841,Whiskey Ck,10220,37.21411,-105.12245
858,125.0,158.0,90.0,76.0,114.0,842,Whiskey Creek,6800,44.61088,-111.14998
859,,98.0,100.0,91.0,87.0,843,Whiskey Park,8950,41.00289,-106.90848000000001
860,101.0,159.0,100.0,73.0,108.0,844,White Elephant,7710,44.53267,-111.41085
861,326.0,110.0,151.0,15.0,10.0,845,White Horse Lake,7180,35.14202,-112.14915
862,92.0,108.0,71.0,121.0,196.0,846,White Mill,8700,45.04575,-109.90987
863,116.0,116.0,14.0,32.0,90.0,847,White Pass E.S.,4440,46.641420000000004,-121.38153
864,125.0,118.0,169.0,70.0,53.0,848,White River #1,8641,39.9645,-110.98845
865,116.0,156.0,290.0,92.0,33.0,850,Widtsoe #3,9640,37.83633,-111.88163
866,266.0,122.0,100.0,0.0,0.0,852,Wildcat,7850,33.75835,-109.47973
867,113.0,99.0,80.0,75.0,67.0,853,Wildhorse Divide,6490,42.75743,-112.47783000000001
868,87.0,110.0,89.0,94.0,117.0,854,Willow Creek,8080,42.815129999999996,-110.83515
869,87.0,93.0,107.0,80.0,113.0,855,Willow Creek Pass,9540,40.34703,-106.09433
870,96.0,75.0,88.0,107.0,92.0,856,Willow Park,10700,40.43254,-105.73337
871,,82.0,69.0,78.0,46.0,857,Wilson Creek,7120,42.012570000000004,-115.00278
872,72.0,63.0,79.0,91.0,88.0,858,Windy Peak,7900,42.2802,-105.57816000000001
873,100.0,121.0,51.0,54.0,55.0,859,Wolf Creek,5630,45.067029999999995,-118.15191999999999
874,,115.0,172.0,63.0,76.0,860,Wolf Creek Summit,11000,37.47922,-106.8017
875,84.0,116.0,73.0,128.0,218.0,861,Wolverine,7650,44.80417,-109.657
876,141.0,75.0,59.0,81.0,163.0,862,Wood Creek,5960,47.44847,-112.81428000000001
877,243.0,24.0,27.0,0.0,12.0,863,Workman Creek,6900,33.81242,-110.91773
878,,102.0,73.0,,,866,Younts Peak,8350,43.93225,-109.81775
893,,97.0,75.0,95.0,126.0,783,Tizer Basin,6880,46.34937,-111.85308
895,,127.0,72.0,73.0,75.0,146,Chocolate Gulch,6310,43.7685,-114.41812
896,,96.0,117.0,67.0,54.0,319,Hardscrabble,7250,40.86833,-111.71865
897,,57.0,6.0,0.0,126.0,479,Meadows Pass,3230,47.283120000000004,-121.47197
898,,64.0,0.0,0.0,83.0,524,Mount Gardner,2920,47.35768,-121.56812
899,,102.0,19.0,0.0,94.0,781,Tinkham Creek,2990,47.33198,-121.46975
901,,75.0,60.0,110.0,135.0,739,Stuart Mountain,7400,46.99523,-113.92663999999999
902,,92.0,121.0,4.0,0.0,45,Beaver Head,7990,33.69144,-109.21656999999999
903,,82.0,62.0,117.0,184.0,545,Nevada Ridge,7020,46.84234,-112.50787
904,,143.0,187.0,72.0,43.0,164,Columbus Basin,10785,37.44147,-108.02445
905,,106.0,162.0,57.0,42.0,464,Mancos,10000,37.43087,-108.16953999999998
906,,122.0,86.0,70.0,59.0,217,Dry Fork,7093,40.565329999999996,-112.17343000000001
907,,195.0,311.0,100.0,25.0,1,Agua Canyon,8900,37.52217,-112.27118
908,,83.0,32.0,0.0,112.0,4,Alpine Meadows,3500,47.77957,-121.69847
909,,,36.0,17.0,137.0,835,Wells Creek,4030,48.8661,-121.78976000000002
910,,,15.0,0.0,119.0,232,Elbow Lake,3040,48.69092,-121.90893
911,,,8.0,0.0,112.0,624,Rex River,3810,47.30218,-121.60475
912,,,9.0,0.0,112.0,691,Skookum Creek,3310,47.684329999999996,-121.61007
913,,,89.0,109.0,118.0,109,Buffalo Park,9240,40.228609999999996,-106.59528
914,,,158.0,130.0,23.0,481,Medano Pass,9649,37.85164,-105.43614
915,,,59.0,90.0,120.0,663,Schwartz Lake,8630,44.84618,-113.83731999999999
916,,,59.0,91.0,138.0,2,Albro Lake,8300,45.597229999999996,-111.95902
917,140.0,3.0,0.0,115.0,153.0,635,Rocky Boy,4700,48.17478,-109.64728000000001
918,114.0,89.0,70.0,66.0,150.0,280,Garver Creek,4250,48.975229999999996,-115.81915
919,,,65.0,110.0,169.0,192,Daisy Peak,7600,46.66858,-110.33022
920,,,41.0,98.0,108.0,557,North Rapid Creek,6130,44.20617,-103.78758
921,,,100.0,23.0,6.0,234,Elk Cabin,8210,35.7043,-105.80675
922,,,151.0,81.0,28.0,652,Santa Fe,11445,35.766940000000005,-105.78333
923,,,180.0,78.0,84.0,200,Deer Park,9700,42.590759999999996,-108.90273
924,130.0,150.0,86.0,81.0,131.0,839,West Yellowstone,6700,44.65866,-111.09199
925,,,0.0,0.0,471.0,712,South Fork Bull Run,2690,45.44575,-122.03125
926,,,79.0,81.0,101.0,696,Smiley Mountain,9520,43.72718,-113.83402
927,,,232.0,74.0,42.0,703,Snowslide Canyon,9730,35.3416,-111.65058
928,,,0.0,0.0,213.0,351,Huckleberry Creek,2250,47.06565,-121.58778000000001
929,,,73.0,111.0,142.0,640,Sacajawea,6550,45.87395,-110.92783
930,120.0,108.0,55.0,123.0,166.0,582,Peterson Meadows,7200,46.12588,-113.30792
931,,,84.0,111.0,97.0,59,Big Goose,7990,44.579240000000006,-107.20068
932,111.0,,48.0,45.0,128.0,598,Poorman Creek,5100,48.12672,-115.62333000000001
933,,,87.0,70.0,21.0,626,Rice Park,8460,35.23333,-108.26666999999999
934,,,129.0,126.0,19.0,788,Tolby,10180,36.47493,-105.19468
935,,,75.0,99.0,81.0,374,Jackwhacker Gulch,10960,39.56667,-105.8
936,,,140.0,123.0,70.0,227,Echo Lake,10600,39.65627,-105.59345
937,,,87.0,104.0,58.0,487,Michigan Creek,10600,39.43577,-105.91078
938,,,97.0,126.0,102.0,107,Buckskin Joe,11150,39.3035,-106.11307
939,,,117.0,122.0,63.0,637,Rough And Tumble,10360,39.03333,-106.08333
940,,,100.0,71.0,69.0,447,Lost Dog,9320,40.81588,-106.74835
941,,,0.0,0.0,571.0,527,Mowich,3160,46.928329999999995,-121.95232
942,,,8.0,0.0,90.0,115,Burnt Mountain,4170,47.0444,-121.94032
943,,,0.0,10.0,142.0,219,Dungeness,4010,47.872240000000005,-123.0788
944,,,73.0,105.0,117.0,311,Gunsight Pass,9820,43.38332,-109.87815
945,,,0.0,0.0,140.0,284,Gerber Reservoir,4890,42.2062,-121.1334
946,96.0,127.0,117.0,51.0,68.0,364,Indian Pass,2350,61.06766999999999,-149.4795
947,163.0,149.0,144.0,88.0,158.0,423,Little Chena Ridge,2000,65.12422,-146.7339
948,161.0,123.0,175.0,98.0,207.0,535,Mt. Ryan,2800,65.25113,-146.15133
949,148.0,150.0,160.0,113.0,208.0,505,Monument Creek,1850,65.07833000000001,-145.87067
950,129.0,132.0,163.0,119.0,241.0,540,Munson Ridge,3100,64.85033,-146.20945
951,170.0,115.0,161.0,127.0,194.0,771,Teuchet Creek,1640,64.94583,-145.51667
952,,93.0,173.0,,,809,Upper Chena,2850,65.1,-144.93317
954,62.0,116.0,71.0,45.0,70.0,804,Turnagain Pass,1880,60.78043,-149.18325
955,,113.0,93.0,32.0,66.0,744,Summit Creek,1400,60.61713,-149.53128
956,,111.0,59.0,3.0,43.0,296,Grandview,1100,60.60831999999999,-149.06313
958,,0.0,177.0,70.0,142.0,158,Coldfoot,1040,67.25333,-150.183
959,76.0,94.0,87.0,8.0,62.0,167,Cooper Lake,1200,60.390269999999994,-149.6936
963,,146.0,134.0,111.0,106.0,298,Granite Crk,1240,63.943819999999995,-145.39993
964,,,72.0,4.0,61.0,310,Grouse Creek Divide,700,60.25965,-149.34228000000002
966,,150.0,93.0,33.0,90.0,387,Kenai Moose Pens,300,60.727,-150.47517
967,,138.0,167.0,63.0,74.0,753,Susitna Valley High,375,62.13333000000001,-150.04166999999998
969,,,195.0,42.0,51.0,318,Happy Jack,7630,34.745979999999996,-111.41207
970,,,95.0,126.0,98.0,379,Jones Pass,10400,39.7645,-105.90623000000001
971,,,99.0,58.0,50.0,578,Parrish Creek,7740,40.93417,-111.81371999999999
972,,,91.0,73.0,60.0,451,Louis Meadow,6700,40.83033,-111.76456999999999
974,,,10.0,4.0,135.0,832,Waterhole,5010,47.94485,-123.42594
975,,,21.0,85.0,133.0,755,Swamp Creek,3930,48.57142,-120.78267
977,,,5.0,0.0,18.0,186,Crowder Flat,5170,41.89318,-120.75202
978,102.0,97.0,66.0,57.0,58.0,85,Bogus Basin,6340,43.76377,-116.09685
979,,,61.0,0.0,34.0,823,Van Wyck,4920,44.37665,-116.3366
981,,,33.0,75.0,158.0,116,Burnt Mtn,5880,45.2401,-109.45961000000001
982,,,38.0,68.0,108.0,159,Cole Canyon,5910,44.48632,-104.41056999999999
983,,,196.0,78.0,46.0,149,Clayton Springs,10049,37.9725,-111.83355
984,,,12.0,14.0,68.0,720,Spruce Springs,5700,46.18287,-117.54155
985,,,0.0,100.0,400.0,709,Sourdough Gulch,4000,46.23718,-117.39438
987,,,43.0,0.0,22.0,602,Port Graham,300,59.35065,-151.84768
988,,,55.0,67.0,117.0,332,Hidden Lake,5040,48.8937,-116.75748
989,,,30.0,33.0,80.0,518,Moscow Mountain,4700,46.805,-116.8535
990,,,38.0,49.0,137.0,46,Beaver Pass,3630,48.8793,-121.2555
992,,,,,,36,Bear River RS,8777,40.8852,-110.8277
998,,,,,,225,Easy Pass,5270,48.85933,-121.43895
999,,,,,,469,Marten Ridge,3520,48.76292,-121.69823000000001
