Station Id,Station Name,Elevation,Latitude,Longitude
301,Adin Mtn,6190,41.23583,-120.79192
907,Agua Canyon,8900,37.52217,-112.27118
916,Albro Lake,8300,45.59723,-111.95902
1267,Alexander Lake,160,61.74967,-150.88967
908,Alpine Meadows,3500,47.77957,-121.69847
1189,American Creek,1050,64.78969,-141.23376
1062,Anchor River Divide,1653,59.85972,-151.31500
1070,Anchorage Hillside,2080,61.11483,-149.66683
302,Aneroid Lake #2,7400,45.21328,-117.19258
1000,Annie Springs,6010,42.87007,-122.16518
303,Apishapa,10000,37.33062,-105.06749
1030,Arapaho Ridge,10960,40.35098,-106.38142
304,Arbuckle Mtn,5770,45.19085,-119.25392
957,Atigun Pass,4800,68.12983,-149.47817
306,Atlanta Summit,7580,43.75690,-115.23907
307,Badger Pass,6900,48.13088,-113.02317
308,Baker Butte,7300,34.45660,-111.40643
1140,Baker Butte Smt,7700,34.45547,-111.38272
309,Bald Mtn.,9380,44.80070,-107.84442
310,Baldy,9125,33.97883,-109.50344
311,Banfield Mountain,5600,48.57120,-115.44573
312,Banner Summit,7040,44.30342,-115.23447
1212,Bar M,6393,34.86136,-111.60503
313,Barker Lakes,8250,46.09713,-113.13038
314,Base Camp,7060,43.94019,-110.44544
315,Basin Creek,7180,45.79737,-112.52047
316,Bateman,9300,36.51216,-106.32129
317,Battle Mountain,7440,41.05413,-107.26609
318,Beagle Springs,8850,44.47147,-112.98191
319,Bear Basin,5350,44.95222,-116.14293
320,Bear Canyon,7900,43.74367,-113.93797
321,Bear Creek,8040,41.83384,-115.45278
1166,Bear Grass,4720,44.32530,-122.09380
322,Bear Lake,9500,40.31118,-105.64483
323,Bear Mountain,5400,48.30577,-116.07448
1061,Bear River,9080,40.06153,-107.00955
992,Bear River RS,8777,40.88520,-110.82770
324,Bear Saddle,6180,44.60533,-116.98097
325,Bear Trap Meadow,8200,43.88743,-107.06135
326,Beartooth Lake,9360,44.94307,-109.56743
327,Beartown,11600,37.71409,-107.51212
1041,Beaver Ck Village,8500,39.59917,-106.51142
328,Beaver Creek,7850,44.94966,-111.35852
329,Beaver Dams,7990,39.13683,-111.55813
330,Beaver Divide,8280,40.61233,-111.09782
902,Beaver Head,7990,33.69144,-109.21657
990,Beaver Pass,3630,48.87930,-121.25550
331,Beaver Reservoir,5150,45.14532,-118.21900
1143,Beaver Spring,9200,36.32678,-109.05711
332,Ben Lomond Peak,7689,41.37603,-111.94405
333,Ben Lomond Trail,5972,41.38291,-111.92103
334,Berry Creek,9377,39.31917,-114.62278
335,Berthoud Summit,11300,39.80392,-105.77789
1182,Bettles Field,640,66.91667,-151.53333
1214,Bevans Cabin,6520,40.46182,-112.25233
336,Big Bend,6898,41.76168,-115.69310
337,Big Creek Sum,8685,39.29148,-117.11506
338,Big Creek Summit,6560,44.62621,-115.79561
339,Big Flat,10349,38.30183,-112.35672
931,Big Goose,7990,44.57924,-107.20068
340,Big Meadow,8235,39.45500,-119.94220
341,Big Red Mountain,6050,42.05257,-122.85487
342,Big Sandy Opening,9080,42.64580,-109.25965
343,Bigelow Camp,5130,42.07875,-123.34393
344,Billie Creek Divide,5280,42.40717,-122.26617
1155,Bird Creek,7537,39.46138,-114.64863
345,Bison Lake,10880,39.76487,-107.35681
346,Bisson Creek,4920,47.68389,-113.99901
347,Black Bear,8170,44.50832,-111.12803
348,Black Flat-U.M. Ck,9414,38.67990,-111.59765
1185,Black Mesa,11580,37.78972,-108.18365
1161,Black Mountain,8920,40.88800,-105.66397
349,Black Pine,7210,46.41400,-113.43095
1119,Blackhall Mtn,9820,41.05616,-106.71384
1162,Blacks Fork Jct,8869,40.95814,-110.58280
1144,Blacktail Mtn,5650,47.98288,-114.35430
350,Blackwater,9780,44.37667,-109.79333
351,Blazed Alder,3650,45.42870,-121.85605
352,Blewett Pass,4240,47.35037,-120.67960
353,Blind Bull Sum,8650,42.96400,-110.60973
354,Blind Park,6890,44.10772,-103.97688
355,Bloody Dick,7600,45.16507,-113.50099
356,Blue Lakes,8067,38.60800,-119.92437
357,Blue Mountain Spring,5870,44.24767,-118.51722
1278,Bobs Hollow,9319,38.94569,-112.15349
978,Bogus Basin,6340,43.76377,-116.09685
358,Bone Springs Div,9350,44.67888,-107.58110
359,Bostetter R.S.,7500,42.16442,-114.19272
360,Boulder Mountain,7950,46.55960,-111.28973
361,Bourne,5850,44.83052,-118.18787
362,Bowman Springs,4530,45.36428,-118.46715
363,Box Canyon,6670,45.27190,-110.24903
364,Box Creek,9853,38.50809,-112.01856
1156,Box Springs,9228,38.49746,-112.00779
365,Brackett Creek,7320,45.89107,-110.93851
1154,Brian Head,10039,37.67994,-112.85674
366,Brighton,8766,40.59936,-111.58167
1111,Bristlecone Trail,8890,36.31575,-115.69543
367,Brooklyn Lake,10240,41.35885,-106.23209
368,Brown Duck,10574,40.58102,-110.58587
1080,Brown Top,5830,48.92755,-121.19713
369,Brumley,10600,39.08766,-106.54170
370,Brundage Reservoir,6250,45.04315,-116.13253
371,Buck Flat,9409,39.13400,-111.43722
1192,Buck Pasture,9632,40.84456,-110.66068
1153,Buckboard Flat,8924,37.86943,-109.44717
1107,Buckinghorse,4870,47.70860,-123.45747
938,Buckskin Joe,11150,39.30350,-106.11307
373,Buckskin Lower,6930,41.75067,-117.53182
913,Buffalo Park,9240,40.22861,-106.59528
374,Bug Lake,7987,41.68541,-111.41987
375,Bumping Ridge,4610,46.81003,-121.33058
376,Bunchgrass Mdw,5000,48.68688,-117.17633
377,Burgess Junction,7880,44.78765,-107.52917
1051,Burnside Lake,8129,38.71943,-119.89420
942,Burnt Mountain,4170,47.04440,-121.94032
981,Burnt Mtn,5880,45.24010,-109.45961
378,Burro Mountain,9400,39.87505,-107.59853
379,Burroughs Creek,8750,43.69733,-109.67021
1135,Burts Miller Ranch,8000,40.98492,-110.85075
380,Butte,10160,38.89433,-106.95300
1109,Calamity,2500,45.90362,-122.21633
381,Calvert Creek,6430,45.88380,-113.32553
382,Camas Creek Divide,5710,43.26548,-115.34530
383,Camp Jackson,8858,37.81333,-109.48723
384,Canyon,7870,44.71961,-110.51084
385,Carrot Basin,9000,44.96192,-111.29403
1067,Carson Pass,8360,38.69270,-120.00220
386,Cascade,8880,37.65083,-107.80602
387,Cascade #2,8920,37.65800,-107.80268
1039,Cascade Mountain,7774,40.28300,-111.60992
388,Cascade Summit,5100,43.59042,-122.06010
389,Casper Mtn.,7900,42.73389,-106.31861
1130,Castle Creek,8400,43.67480,-109.37740
390,Castle Valley,9607,37.66098,-112.74093
1152,Cave Mountain,10578,39.16337,-114.61330
1085,Cayuse Pass,5240,46.86954,-121.53430
391,Cedar Pass,7030,41.58233,-120.30250
1139,Chalender,7100,35.26247,-112.06231
392,Chalk Creek #1,9171,40.85464,-111.04765
393,Chalk Creek #2,8208,40.88529,-111.06954
394,Chamita,8400,36.95636,-106.65682
1101,Chapman Tunnel,10110,39.26217,-106.62931
395,Chemult Alternate,4850,43.22625,-121.80662
396,Chepeta,10499,40.77458,-110.01050
1093,Chisana,3320,62.06900,-142.04900
895,Chocolate Gulch,6310,43.76850,-114.41812
1046,Cinnabar Park,9574,41.23837,-106.23095
398,Clackamas Lake,3400,45.09658,-121.75443
983,Clayton Springs,10049,37.97250,-111.83355
399,Clear Creek #1,8975,39.86671,-111.28363
400,Clear Creek #2,7837,39.89275,-111.25154
401,Clear Lake,3810,45.18832,-121.69160
402,Cloud Peak Reservoir,9860,44.40343,-107.06057
403,Clover Meadow,8600,45.01788,-111.84560
1059,Cochetopa Pass,10020,38.16283,-106.59883
405,Cold Springs,9630,43.27676,-109.44585
406,Cold Springs Camp,5940,42.53305,-122.17683
958,Coldfoot,1040,67.25333,-150.18300
982,Cole Canyon,5910,44.48632,-104.41057
407,Cole Creek,7850,45.19405,-109.34548
1204,Columbia Basin,6471,41.67160,-116.07030
408,Columbine,9160,40.39480,-106.60408
409,Columbine Pass,9400,38.41795,-108.38249
904,Columbus Basin,10785,37.44147,-108.02445
410,Combination,5600,46.46523,-113.39358
411,Cool Creek,6280,46.76361,-115.29528
959,Cooper Lake,1200,60.39027,-149.69360
412,Copeland Lake,8600,40.20778,-105.56861
413,Copper Bottom,5200,47.05678,-112.59500
414,Copper Camp,6950,47.08158,-112.72955
415,Copper Mountain,10550,39.48954,-106.17095
1209,Corduroy Flat,8640,38.99651,-115.42478
416,Coronado Trail,8400,33.80392,-109.15282
1236,Corral,8207,39.65795,-110.37906
417,Corral Canyon,8445,40.27551,-115.54017
418,Corral Pass,5800,47.01872,-121.46464
419,Cottonwood Creek,7670,42.64590,-110.81482
420,Cougar Mountain,3200,47.27666,-121.67138
422,County Line,4830,45.19107,-118.55015
423,Cozy Cove,5400,44.28846,-115.65508
424,Crab Creek,6900,44.43700,-111.99384
425,Crater Meadows,5960,46.56394,-115.28903
1010,Crazyman Flat,6180,42.63810,-120.94917
426,Crosho,9100,40.16745,-107.05750
1045,Crow Creek,8330,41.22870,-105.38278
977,Crowder Flat,5170,41.89318,-120.75202
427,Crystal Lake,6050,46.78942,-109.51205
428,Css Lab,6894,39.32565,-120.36807
430,Culebra #2,10500,37.20945,-105.19959
431,Cumbres Trestle,10040,37.01878,-106.45179
432,Currant Creek,7915,40.35747,-111.08993
919,Daisy Peak,7600,46.66858,-110.33022
433,Daly Creek,5780,46.18367,-113.85330
434,Daly Lake,3690,44.52147,-122.08718
435,Daniels-Strawberry,8008,40.29530,-111.25677
436,Darkhorse Lake,8945,45.17367,-113.58448
437,Deadman Creek,6450,46.79279,-110.67545
438,Deadman Hill,10220,40.80571,-105.76993
439,Deadwood Summit,6860,44.54514,-115.56380
923,Deer Park,9700,42.59076,-108.90273
1210,Defiance Mines,9306,39.08527,-114.89971
440,Derr.,5850,44.44650,-119.93012
442,Diamond Lake,5280,43.18787,-122.14003
443,Diamond Peak,8017,39.56361,-115.84421
444,Dills Camp,9228,39.04554,-111.46875
445,Disaster Peak,6260,41.96737,-118.18934
446,Dismal Swamp,7360,41.99127,-120.18033
448,Divide,7800,44.79317,-112.05645
449,Divide Peak,8880,41.30398,-107.15241
450,Dollarhide Summit,8420,43.60250,-114.67417
451,Dome Lake,8880,44.57462,-107.29537
452,Donkey Reservoir,9799,38.20840,-111.47412
453,Dorsey Basin,7903,40.89343,-115.21104
454,Draw Creek,7285,41.66198,-115.32397
455,Dry Bread Pond,8302,41.41289,-111.53770
1243,Dry Creek,6555,40.86380,-115.22014
906,Dry Fork,7093,40.56533,-112.17343
457,Dry Lake,8400,40.53397,-106.78130
943,Dungeness,4010,47.87224,-123.07880
458,Dupuyer Creek,5750,48.06341,-112.75730
960,Eagle Summit,3650,65.48588,-145.41212
1105,East Boulder Mine,6335,45.50381,-110.08019
460,East Rim Divide,7930,43.13097,-110.20230
461,East Willow Creek,8302,39.31213,-109.53179
998,Easy Pass,5270,48.85933,-121.43895
462,Ebbetts Pass,8661,38.54970,-119.80468
936,Echo Lake,10600,39.65627,-105.59345
463,Echo Peak,7653,38.84900,-120.07950
1163,EF Blacks Fork GS,9360,40.88472,-110.54056
464,Eilertson Meadows,5510,44.86887,-118.11387
465,El Diente Peak,10000,37.78617,-108.02155
910,Elbow Lake,3040,48.69092,-121.90893
466,Elk Butte,5690,46.83998,-116.12233
921,Elk Cabin,8210,35.70430,-105.80675
1106,Elk Peak,7600,46.48450,-110.71250
467,Elk River,8700,40.84781,-106.96871
468,Elkhart Park G.S.,9400,43.00657,-109.75893
1252,Elkhead Divide,8780,40.79649,-107.10122
1120,Elliot Ridge,10520,39.86400,-106.42460
469,Emery Creek,4350,48.43412,-113.93725
470,Emigrant Springs,3800,45.55808,-118.45383
471,Emigrant Summit,7390,42.36055,-111.56085
1071,Esther Island,50,60.79800,-148.08570
472,Evening Star,9200,44.65258,-109.78422
1092,Exit Glacier,400,60.19033,-149.62117
1174,Fairbanks F.O.,450,64.85000,-147.80000
473,Fallen Leaf,6242,38.93403,-120.05450
474,Farmington,7902,40.97462,-111.80975
1054,Farmington Lower,6779,40.99200,-111.81702
475,Farnsworth Lake,9623,38.77246,-111.67662
476,Fawn Creek,7031,41.82098,-116.10153
1268,Fielding Lake,3000,63.20267,-145.63050
477,Fish Creek,7660,42.70992,-118.63210
478,Fish Lake,3430,47.53565,-121.08553
1149,Fish Lake Utah,8798,38.50455,-111.76693
479,Fish Lk.,4660,42.38010,-122.34943
480,Fisher Creek,9100,45.06235,-109.94488
481,Five Points Lake,10943,40.71785,-110.46721
482,Flattop Mtn.,6300,48.80225,-113.85713
1285,Flower Mountain,2510,59.39617,-136.28123
1186,Fool Creek,11150,39.86870,-105.86750
1049,Forestdale Creek,8017,38.68245,-119.95970
1121,Fort Valley,7350,35.26806,-111.74486
961,Fort Yukon,430,66.57050,-145.24553
483,Fourmile Lake,5970,42.43933,-122.22880
484,Franklin Basin,8140,42.05050,-111.60120
1277,Fredonyer Peak,7208,40.68799,-120.60805
485,Fremont Pass,11400,39.37991,-106.19681
486,Frisco Divide,8000,33.73646,-108.94502
487,Frohner Meadow,6480,46.43545,-112.19277
488,Fry,7200,35.07297,-111.84374
1262,Fry Canyon,6798,41.57022,-115.93645
489,Galena,7470,43.87722,-114.67250
490,Galena Summit,8780,43.87497,-114.71363
491,Gallegos Peak,9800,36.19446,-105.55795
1114,Garden City Summit,7705,41.92150,-111.46930
1066,Gardner Peak,8322,37.40083,-113.45988
492,Garfield R.S.,6560,43.61040,-113.93080
1173,Garita Peak,10160,36.00500,-106.54838
918,Garver Creek,4250,48.97523,-115.81915
1221,GBRC HQ,8801,39.32019,-111.48827
1222,GBRC Meadows,9858,39.30229,-111.45383
1151,George Creek,8964,41.91562,-113.41154
945,Gerber Reservoir,4890,42.20620,-121.13340
493,Giveout,6930,42.41320,-111.16630
1057,Glen Cove,11460,38.87583,-105.07367
962,Gobblers Knob,2030,66.74500,-150.66750
1195,Golconda,6616,40.88358,-117.58812
1159,Gold Axe Camp,5360,48.95160,-118.98640
494,Gold Center,5410,44.76380,-118.31170
1256,Gold Mountain,4390,48.18934,-118.45590
495,Gooseberry RS,7944,38.80034,-111.68333
1184,Gooseberry RS Up,8396,38.78820,-111.68892
496,Graham Guard Sta.,5690,43.95380,-115.27387
1082,Grand Targhee,9260,43.77933,-110.92783
956,Grandview,1100,60.60832,-149.06313
497,Granite Creek,6770,43.34298,-110.43495
963,Granite Crk,1240,63.94382,-145.39993
498,Granite Peak,8503,41.67032,-117.56668
499,Grassy Lake,7265,44.12612,-110.83435
500,Grave Creek,4300,48.91453,-114.76663
501,Grave Springs,8550,43.46643,-107.23977
1058,Grayback,11620,37.47033,-106.53783
502,Green Lake,5920,46.54741,-121.17093
503,Green Mountain,8185,40.38480,-115.52757
504,Greenpoint,3310,45.62237,-121.70415
505,Grizzly Peak,11100,39.64631,-105.86973
506,Gros Ventre Summit,8750,43.38939,-110.12943
507,Grouse Camp,5390,47.28107,-120.48771
964,Grouse Creek Divide,700,60.25965,-149.34228
944,Gunsight Pass,9820,43.38332,-109.87815
1065,Gutz Peak,6763,37.49617,-113.94235
508,Hagans Meadow,7742,38.85190,-119.93740
509,Hams Fork,7840,42.14600,-110.67833
510,Hand Creek,5035,48.30754,-114.84075
511,Hannagan Meadows,9020,33.65387,-109.30952
512,Hansen Sawmill,8360,44.25602,-106.97983
969,Happy Jack,7630,34.74598,-111.41207
896,Hardscrabble,7250,40.86833,-111.71865
514,Harris Flat,7792,37.48997,-112.57602
515,Harts Pass,6490,48.72047,-120.65860
516,Hawkins Lake,6450,48.97230,-115.95337
1271,Hawley Lake,8300,33.97142,-109.76528
517,Hayden Fork,9130,40.79669,-110.88472
1102,Hayden Pass,10720,38.29326,-105.85050
518,Heavenly Valley,8534,38.92431,-119.91641
519,Heber,7640,34.31202,-110.75431
1270,Heen Latinee,2065,58.69652,-134.86448
520,Hemlock Butte,5810,46.48111,-115.63361
521,Hewinta,9500,40.95009,-110.48419
522,Hickerson Park,9122,40.90663,-109.96287
988,Hidden Lake,5040,48.89370,-116.75748
1187,High Lonesome,10620,40.03592,-105.75471
523,High Ridge,4920,45.69682,-118.10657
524,Hilts Creek,8000,44.01897,-113.47230
1223,Hobble Creek,7377,40.18538,-111.35971
525,Hobbs Park,10100,42.86984,-109.09455
526,Hogg Pass,4790,44.42042,-121.85655
527,Hole-in-Mountain,8163,40.94168,-115.09540
528,Hole-in-Rock,9168,40.92167,-110.18623
529,Holland Meadows,4930,43.66917,-122.56877
530,Hoodoo Basin,6050,46.97510,-115.03490
531,Hoosier Pass,11400,39.36127,-106.05978
532,Hopewell,10000,36.71631,-106.26348
1050,Horse Meadow,8557,38.83652,-119.88732
533,Horse Ridge,8199,41.31372,-111.44624
1122,Hourglass Lake,9380,40.57913,-105.63068
1158,Howard Prairie,4580,42.21500,-122.37130
534,Howell Canyon,7980,42.32029,-113.61587
991,Hozomeen Camp,1690,48.98075,-121.07976
928,Huckleberry Creek,2250,47.06565,-121.58778
535,Humboldt Gulch,4250,47.53178,-115.77643
1216,Huntington Horse,9652,39.61774,-111.30576
537,Hyndman,7620,43.71077,-114.15894
538,Idarado,9800,37.93390,-107.67552
968,Imnaviat Creek,3050,68.61683,-149.30017
539,Independence Camp,6980,39.45269,-120.29367
540,Independence Creek,6436,39.49001,-120.28226
541,Independence Lake,8338,39.42752,-120.31342
1091,Independence Mine,3550,61.79117,-149.27967
542,Independence Pass,10600,39.07539,-106.61169
543,Indian Canyon,9171,39.89166,-110.74604
544,Indian Creek,9425,42.30023,-110.67753
946,Indian Pass,2350,61.06767,-149.47950
1129,Indian Rock,5360,45.99077,-120.80767
545,Irish Taylor,5540,43.80368,-121.94793
1276,Iron Mine Creek,6340,43.55614,-113.71826
546,Island Park,6290,44.42030,-111.38512
547,Ivanhoe,10400,39.29202,-106.54923
548,Jack Creek Upper,7377,41.54675,-116.00517
1275,Jack Wade Jct,3585,64.15290,-141.32693
549,Jacks Peak,8424,41.51360,-116.01170
550,Jackson Peak,7070,44.05092,-115.44322
935,Jackwhacker Gulch,10960,39.56667,-105.80000
1211,Jakes Creek,7374,41.56861,-115.03237
551,Joe Wright,10120,40.53215,-105.88700
1036,Johnsons Camp,25,64.56460,-164.29257
1099,Jones Corral,9749,38.07125,-112.16788
970,Jones Pass,10400,39.76450,-105.90623
552,Jump Off Joe,3520,44.38605,-122.16683
553,June Lake,3440,46.14778,-122.15413
1063,Kachemak Creek,1660,59.72893,-150.66113
1150,Kalamazoo,7775,39.55790,-114.62762
1072,Kantishna,1550,63.54167,-150.99400
554,Kelley R.S.,8180,42.26554,-110.80177
1175,Kelly Station,310,67.93333,-162.28333
966,Kenai Moose Pens,300,60.72700,-150.47517
555,Kendall R.S.,7740,43.24930,-110.01662
1145,Kilfoil Creek,7220,41.24764,-111.41249
556,Kiln,9600,39.31724,-106.61453
557,Kimberly Mine,9101,38.48383,-112.39273
558,King Mountain,4340,42.72395,-123.20037
559,Kings Cabin,8728,40.71632,-109.54401
560,Kirwin,9550,43.86067,-109.32163
1115,Klondike Narrows,7250,41.96769,-111.59713
561,Kolob,9263,37.52664,-113.05386
562,Kraft Creek,4750,47.42749,-113.77515
563,Lake Creek R.S.,5240,44.21007,-118.63752
564,Lake Eldora,9700,39.93678,-105.58956
565,Lake Irene,10700,40.41432,-105.81980
566,Lakefork #1,10128,40.59709,-110.43316
1116,Lakefork #3,8464,40.55020,-110.35290
513,Lakefork Basin,10885,40.73785,-110.62121
568,Lakeview Ridge,7400,44.58907,-111.82498
569,Lamance Creek,6395,41.51542,-117.63197
570,Lamoille #3,8051,40.64480,-115.38120
571,Laprele Creek,8375,42.43583,-105.86083
1134,Larsen Creek,9000,42.58010,-109.08830
572,Lasal Mountain,9578,38.48226,-109.27198
1215,Lasal Mountain-Lower,8783,38.48167,-109.29164
573,Laurel Draw,6682,41.77637,-116.02957
574,Leavitt Lake,9604,38.27594,-119.61281
575,Leavitt Meadows,7198,38.30367,-119.55111
1112,Lee Canyon,8626,36.30537,-115.67508
576,Lemhi Ridge,8100,44.99380,-113.44399
577,Lewis Lake Divide,7850,44.20862,-110.66628
1006,Lewis Peak,7400,40.35757,-116.86492
578,Lick Creek,6860,45.50410,-110.96625
1056,Lightning Ridge,8215,41.35883,-111.48747
579,Lily Lake,9133,40.86493,-110.79813
580,Lily Pond,11000,37.37929,-106.54835
582,Little Bear,6548,41.40562,-111.82607
947,Little Chena Ridge,2000,65.12422,-146.73390
1131,Little Goose,8870,44.54315,-107.17865
583,Little Grassy,6065,37.48631,-113.84582
584,Little Meadows,4020,44.61297,-122.22565
1047,Little Snake River,8915,41.07053,-106.94283
1242,Little Valley,6493,39.25259,-119.87710
585,Little Warm,9370,43.50278,-109.75200
586,Lizard Head Pass,10200,37.79926,-107.92426
587,Lobdell Lake,9249,38.43745,-119.36572
588,Lolo Pass,5240,46.63448,-114.58072
589,Lone Cone,9600,37.89183,-108.19544
590,Lone Mountain,8880,45.27412,-111.42692
591,Lone Pine,3930,46.27143,-121.96288
1261,Lonesome Beaver,9410,38.07000,-110.77241
1123,Long Draw Resv,9980,40.51230,-105.76560
592,Long Flat,7982,37.51255,-113.39661
1001,Long Lake,850,58.18600,-133.83217
1016,Long Valley,4890,44.78835,-116.08878
593,Long Valley Jct,7465,37.48756,-112.51458
594,Lookout,5190,47.45749,-115.70457
595,Lookout Mountain,8500,33.36027,-107.83122
596,Lookout Peak,8161,40.83731,-111.70965
597,Loomis Park,8240,43.17387,-110.14007
1118,Lost Creek Resv,6082,41.22155,-111.35947
940,Lost Dog,9320,40.81588,-106.74835
599,Lost Horse,5120,46.35750,-121.08095
600,Lost Lake,6110,47.08090,-115.96040
601,Lost-Wood Divide,7900,43.82432,-114.26402
972,Louis Meadow,6700,40.83033,-111.76457
602,Loveland Basin,11400,39.67433,-105.90133
1265,Lower Kachemak Creek,1915,59.73507,-150.69327
603,Lower Twin,7900,45.50871,-111.92288
604,Lubrecht Flume,4680,46.88293,-113.32228
605,Lucky Strike,4970,45.27478,-118.84790
606,Lyman Lake,5980,48.19798,-120.91678
1069,Lynn Lake,3900,47.20172,-121.77972
607,Lynx Pass,8880,40.07806,-106.67028
608,Madison Butte,5150,45.10513,-119.49585
609,Madison Plateau,7750,44.58623,-111.11627
610,Magic Mountain,6880,42.18072,-114.28662
612,Mammoth-Cottonwood,8709,39.68338,-111.31818
905,Mancos,10000,37.43087,-108.16954
613,Many Glacier,4900,48.79698,-113.67050
614,Marion Forks,2590,44.59397,-121.97365
615,Marlette Lake,7884,39.16395,-119.89672
616,Marquette,8760,44.30160,-109.24019
999,Marten Ridge,3520,48.76292,-121.69823
617,Maverick Fork,9200,33.92121,-109.45881
1096,May Creek,1610,61.34783,-142.70967
618,Mc Clure Pass,9500,39.12897,-107.28806
1040,Mccoy Park,9480,39.60468,-106.54128
619,Mckenzie,4770,44.21030,-121.87292
1048,Mcknight Cabin,9240,33.00812,-107.86975
1003,Mcneil Canyon,1320,59.74433,-151.25133
1191,Mcneil River SGS,140,59.08332,-154.27543
620,Meadow Lake,9150,44.43655,-113.31815
897,Meadows Pass,3230,47.28312,-121.47197
1196,Med Bow,10500,41.37833,-106.34681
914,Medano Pass,9649,37.85164,-105.43614
621,Merchant Valley,8705,38.30285,-112.43637
1207,Merritt Mountain,6908,41.89280,-115.85820
622,Mesa Lakes,10000,39.05831,-108.05835
1011,MF Nooksack,4970,48.82453,-121.92951
623,Mica Creek,4510,47.15045,-116.26643
937,Michigan Creek,10600,39.43577,-105.91078
1206,Midas,6635,41.26870,-116.80330
624,Middle Creek,11250,37.61978,-107.03482
1064,Middle Fork Bradley,2300,59.77683,-150.75733
1014,Middle Fork Camp,8940,39.79560,-106.02730
625,Middle Powder,7760,43.62728,-107.18138
626,Midway Valley,9827,37.56933,-112.83849
1079,Milk Shakes,5580,45.98210,-117.94883
627,Mill Creek Summit,8800,44.47212,-114.48992
628,Mill-D North,8963,40.65883,-111.63683
1084,Miller Woods,420,45.24755,-123.27563
629,Mineral Creek,10040,37.84747,-107.72657
631,Mining Fork,8295,40.49384,-112.61141
632,Molas Lake,10500,37.74932,-107.68866
1287,Mom Creek,8800,44.77665,-113.12245
1094,Monahan Flat,2710,63.30533,-147.64633
633,Monitor Pass,8306,38.66830,-119.60870
634,Monte Cristo,8932,41.46547,-111.49688
949,Monument Creek,1850,65.07833,-145.87067
635,Monument Peak,8850,45.21759,-110.23700
1124,Moon Pass,11140,37.96661,-106.55837
636,Moonshine,7440,44.41470,-113.39812
1176,Moore Creek Bridge,2250,59.58783,-135.21050
638,Moose Creek,6200,45.67008,-113.95315
1035,Moraine,2100,61.37727,-148.99917
637,Mores Creek Summit,6100,43.93200,-115.66588
639,Morgan Creek,7600,44.84237,-114.26871
640,Mormon Mountain,7500,34.94109,-111.51849
1125,Mormon Mtn Summit,8500,34.96964,-111.50922
642,Morse Lake,5410,46.90585,-121.48270
643,Mosby Mtn.,9553,40.60798,-109.88810
989,Moscow Mountain,4700,46.80500,-116.85350
644,Moses Mtn,5010,48.36163,-119.08159
645,Mosquito Ridge,5260,48.05726,-116.23055
646,Moss Peak,6780,47.68493,-113.96230
647,Moss Springs,5760,45.27173,-117.68747
648,Mount Crag,3960,47.76370,-123.02600
898,Mount Gardner,2920,47.35768,-121.56812
649,Mount Lockhart,6400,47.91727,-112.82380
650,Mountain Meadows,6320,45.69694,-115.22972
941,Mowich,3160,46.92833,-121.95232
1224,Mt Baldy,9524,39.13648,-111.50527
651,Mt Hood Test Site,5370,45.32097,-121.71580
1269,Mt Pennell,9209,37.97793,-110.79330
652,Mt Rose Ski Area,8801,39.31573,-119.89473
1103,Mt. Alyeska,1540,60.95983,-149.08617
1073,Mt. Eyak,1405,60.55000,-145.74500
653,Mt. Howard,7910,45.26522,-117.17373
948,Mt. Ryan,2800,65.25113,-146.15133
1259,Muckamuck,4470,48.58526,-119.86624
654,Mud Flat,5730,42.60040,-116.55925
655,Mud Ridge,4070,45.25362,-121.73673
656,Mule Creek,8300,45.40957,-112.95927
950,Munson Ridge,3100,64.85033,-146.20945
1053,Myrtle Creek,3520,48.72263,-116.46312
657,N Fk Elk Creek,6250,46.87160,-113.27725
658,Nast Lake,8700,39.29722,-106.60694
1138,Navajo Whiskey Ck,9050,36.17728,-108.94691
903,Nevada Ridge,7020,46.84234,-112.50787
1031,Never Summer,10280,40.40405,-105.95583
660,New Crescent Lake,4910,43.51185,-121.97982
661,New Fork Lake,8340,43.11265,-109.94947
662,Nez Perce Camp,5650,45.73107,-114.48075
663,Niwot,9910,40.03523,-105.54426
664,Noisy Basin,6040,48.15678,-113.94637
665,North Costilla,10600,36.99378,-105.25963
666,North Fork,3060,45.55050,-122.00283
667,North Fork Jocko,6330,47.27260,-113.75617
668,North French Creek,10130,41.33080,-106.37555
669,North Lost Trail,9200,39.07813,-107.14389
920,North Rapid Creek,6130,44.20617,-103.78758
670,Northeast Entrance,7350,45.00565,-110.01406
1037,Nuka Glacier,1250,59.69867,-150.70967
1127,Nutrioso,8500,33.89747,-109.15517
1146,Oak Creek,7850,39.34850,-112.32639
671,Ochoco Meadows,5430,44.42917,-120.33110
672,Olallie Meadows,4030,47.37406,-121.44213
673,Old Battle,10000,41.15397,-106.96937
1008,Onion Park,7410,46.91348,-110.85360
675,Overland Res.,9840,39.09056,-107.63472
676,Owl Creek,8975,43.65868,-109.00988
677,Oxford Spring,6740,42.26015,-112.12515
1170,Palo,9350,36.40848,-105.33063
1148,Panguitch Lake RS,8350,37.70463,-112.65037
679,Paradise,5130,46.78265,-121.74765
986,Pargon Creek,100,64.99350,-163.10317
680,Park Cone,9600,38.81996,-106.58974
681,Park Creek Ridge,4600,48.44488,-120.91551
682,Park Reservoir,9960,39.04644,-107.87414
683,Parker Peak,9400,44.73396,-109.91484
684,Parleys Summit,7585,40.76184,-111.62917
971,Parrish Creek,7740,40.93417,-111.81372
686,Payson R.S.,8044,39.92976,-111.63109
687,Peavine Ridge,3420,45.04148,-121.93252
1104,Pepper Creek,2140,46.10242,-121.95555
930,Peterson Meadows,7200,46.12588,-113.30792
688,Phantom Valley,9030,40.39937,-105.84757
689,Phillips Bench,8200,43.51687,-110.91258
690,Pickfoot Creek,6650,46.57978,-111.26832
691,Pickle Keg,9020,39.01219,-111.58259
1142,Pierce R.S.,3080,46.49597,-115.79570
692,Pigtail Peak,5800,46.62153,-121.38643
693,Pike Creek,5930,48.30305,-113.32868
694,Pine Creek,8734,38.88185,-112.24915
695,Pine Creek Pass,6720,43.56998,-111.21157
1263,Pinto Rock,4440,46.32318,-121.94219
696,Placer Basin,8830,45.41905,-110.08844
1133,Pocket Creek,9360,42.71210,-109.41120
697,Poison Flat,7736,38.50576,-119.62624
1244,Pole Canyon,7760,40.86293,-115.12067
698,Pole Creek R.S.,8360,41.87255,-115.24713
932,Poorman Creek,5100,48.12672,-115.62333
699,Pope Ridge,3590,47.99090,-120.56622
700,Porcupine,6500,46.11192,-110.46960
701,Porphyry Creek,10760,38.48884,-106.33965
987,Port Graham,300,59.35065,-151.84768
702,Potato Hill,4510,46.34963,-121.51435
703,Powder River Pass,9480,44.16188,-107.12622
704,Prairie,4800,43.50513,-115.57300
705,Promontory,7930,34.36824,-111.01084
1177,Prudhoe Bay,30,70.26666,-148.56666
706,Quartz Mountain,5720,42.31923,-120.82533
707,Quartz Peak,4700,47.87927,-117.08938
708,Quemazon,9500,35.92244,-106.39203
709,Rabbit Ears,9400,40.36783,-106.74038
1081,Ragged Mountain,4210,47.85583,-117.03667
710,Railroad Overpass,2680,43.65887,-122.21272
1110,Rainbow Canyon,7860,36.24930,-115.62972
711,Rainy Pass,4890,48.51865,-120.73580
1032,Rawah,9020,40.70750,-106.00760
712,Red Hill,4410,45.46430,-121.70428
713,Red Mountain Pass,11200,37.89180,-107.71342
714,Red Pine Ridge,8988,39.45197,-111.27221
715,Red River Pass #2,9850,36.69925,-105.34125
1225,Redden Mine Lwr,8532,40.67505,-111.21765
1217,Rees Flat,7206,39.49667,-111.72508
716,Reno Hill,8400,42.57111,-106.08889
911,Rex River,3810,47.30218,-121.60475
2029,Reynolds Creek,5600,43.28863,-116.84310
933,Rice Park,8460,35.23333,-108.26667
1254,Rio Santa Barbara,10664,36.07192,-105.62947
717,Ripple Creek,10340,40.10812,-107.29411
718,Roach,9700,40.87502,-106.04603
719,Roaring River,4950,43.90098,-122.03063
720,Rock Creek,7886,40.54875,-110.69292
721,Rock Springs,5290,44.00883,-118.83842
722,Rocker Peak,8000,46.35613,-112.26176
723,Rocky Basin-Settleme,8704,40.44293,-112.22377
917,Rocky Boy,4700,48.17478,-109.64728
973,Rocky Point,250,64.53482,-163.42140
939,Rough And Tumble,10360,39.03333,-106.08333
724,Rubicon #2,7619,38.99927,-120.13139
725,S Fork Shields,8100,46.08960,-110.43363
929,Sacajawea,6550,45.87395,-110.92783
726,Saddle Mountain,3110,45.54477,-123.37315
727,Saddle Mtn.,7940,45.69259,-113.96828
1015,Sage Creek Basin,7850,41.40100,-107.25717
1183,Sagwon,1000,69.42417,-148.69250
1100,Saint Elmo,10540,38.69978,-106.36801
728,Salmon Meadows,4460,48.65518,-119.83830
729,Salt Creek Falls,4220,43.61193,-122.11758
730,Salt River Summit,7640,42.50750,-110.90990
1172,San Antonio Sink,9100,36.86220,-106.22502
731,Sand Lake,10050,41.46257,-106.28107
732,Sandstone RS,8150,41.11172,-107.17060
922,Santa Fe,11445,35.76694,-105.78333
1280,Santaquin Meadows,7835,39.92076,-111.71802
733,Santiam Jct.,3740,44.43503,-121.94502
1128,Sargents Mesa,11530,38.28555,-106.37069
734,Sasse Ridge,4340,47.38485,-121.06323
1231,Satus Pass,3960,45.98797,-120.67734
735,Savage Pass,6190,46.46633,-114.63333
1068,Sawmill Ridge,4640,47.15992,-121.42172
1251,Sawtooth,9620,40.13697,-105.58625
736,Schneider Meadows,5400,45.00107,-117.16522
737,Schofield Pass,10700,39.01522,-107.04877
915,Schwartz Lake,8630,44.84618,-113.83732
738,Schweitzer Basin,6090,48.37428,-116.63917
739,Scotch Creek,9100,37.64556,-108.00786
740,Secesh Summit,6540,45.18848,-115.97152
741,Sedgwick Peak,7850,42.52497,-111.95635
742,Seeley Creek,9904,39.31042,-111.43297
743,Seine Creek,2060,45.52688,-123.29857
744,Senorita Divide #2,8600,36.00198,-106.83348
1043,Sentinel Butte,4680,48.86133,-118.39843
745,Sevenmile Marsh,5700,42.69825,-122.14165
746,Seventysix Creek,7350,41.73732,-115.47215
747,Shanghi Summit,4600,46.56603,-115.74216
1060,Sharkstooth,10720,37.50357,-108.11373
748,Sheep Canyon,3990,46.19325,-122.25393
749,Sheep Mtn.,6650,43.21030,-111.68792
751,Shell Creek,9580,44.50012,-107.42947
752,Sherwin,3200,46.95028,-116.33972
753,Short Creek,7000,44.97572,-111.95215
754,Shower Falls,8100,45.40125,-110.95758
1169,Shuree,10100,36.78778,-105.23999
1034,Sierra Blanca,10280,33.40472,-105.78722
755,Signal Peak,8360,32.92401,-108.14538
756,Silver Creek,5740,42.95615,-121.18123
757,Silver Creek Divide,9000,33.37106,-108.70618
1205,Silver Creek Nv,8215,39.23305,-114.24290
759,Silvies,6990,42.75333,-118.68785
760,Skalkaho Summit,7250,46.24212,-113.77250
1257,Skate Creek,3770,46.64336,-121.83044
912,Skookum Creek,3310,47.68433,-121.61007
1286,Slagamelt Lakes,8620,45.36526,-113.71834
783,Sleeping Woman,6150,47.17902,-114.33368
761,Slug Creek Divide,7225,42.56248,-111.29797
762,Slumgullion,11560,37.99080,-107.20327
926,Smiley Mountain,9520,43.72718,-113.83402
763,Smith  Morehouse,7631,40.78931,-111.09192
1167,Smith Ridge,3270,44.30325,-122.04053
764,Snake River Station,6920,44.13361,-110.66917
765,Snider Basin,8060,42.49490,-110.53203
767,Snow Mountain,6230,43.94885,-119.54013
766,Snowbird,9617,40.56400,-111.65500
927,Snowslide Canyon,9730,35.34160,-111.65058
1208,Snowstorm Mtn,7384,41.33981,-116.98044
1132,Soldier Park,8720,44.34847,-107.01360
769,Soldier R.S.,5740,43.48407,-114.82692
770,Somsen Ranch,6800,42.95275,-111.35933
771,Sonora Pass,8770,38.31021,-119.60030
985,Sourdough Gulch,4000,46.23718,-117.39438
772,South Brush Creek,8440,41.32943,-106.50248
773,South Colony,10800,37.96811,-105.53787
925,South Fork Bull Run,2690,45.44575,-122.03125
774,South Mtn.,6500,42.76478,-116.90037
775,South Pass,9040,42.57317,-108.84325
776,Spencer Meadow,3400,46.17950,-121.92661
777,Spirit Lake,3520,46.26113,-122.17720
1117,Spirit Lk,10235,40.83868,-110.00527
778,Spratt Creek,6063,38.66627,-119.81741
779,Spring Creek Divide,9000,42.52516,-110.66148
984,Spruce Springs,5700,46.18287,-117.54155
780,Spud Mountain,10660,37.69866,-107.77715
781,Spur Park,8100,46.77962,-110.62165
782,Squaw Flat,6240,44.77091,-116.24805
784,Squaw Valley G.C.,8013,39.18986,-120.26576
786,St. Lawrence Alt,8620,43.03313,-109.17025
1203,Stag Mountain,7628,41.40810,-115.44660
787,Stahl Peak,6030,48.90902,-114.86298
788,Stampede Pass,3850,47.27427,-121.34162
789,Starr Ridge,5250,44.26423,-119.02162
1258,State Line,5680,41.98609,-120.71574
790,Steel Creek Park,10158,40.90862,-110.50462
791,Stevens Pass,3950,47.74607,-121.09288
792,Stickney Mill,7430,43.86117,-114.20902
1157,Stickney Ridge,3810,47.92340,-121.61670
793,Stillwater Creek,8720,40.22543,-105.91977
794,Strawberry,5770,42.12587,-120.83610
795,Strawberry Divide,8123,40.16483,-111.20665
1009,Stringer Creek,6550,46.92690,-110.90198
901,Stuart Mountain,7400,46.99523,-113.92664
797,Stump Lakes,11200,37.47621,-107.63295
798,Sucker Creek,8880,44.72250,-107.40033
1095,Sugarloaf Mtn,550,61.08100,-146.29950
800,Summer Rim,7080,42.69570,-120.80158
955,Summit Creek,1400,60.61713,-149.53128
801,Summit Lake,5610,43.44907,-122.13808
1194,Summit Lk,7615,41.48953,-118.99663
1052,Summit Meadow,9313,38.39747,-119.53522
802,Summit Ranch,9400,39.71796,-106.15802
1078,Sun Pass,5400,42.78637,-121.97715
1249,Sunflower Flat,10018,38.04800,-111.33981
803,Sunset,5540,47.55545,-115.82422
804,Surprise Lakes,4290,46.09497,-121.76345
967,Susitna Valley High,375,62.13333,-150.04167
1248,Suu Ranch,8050,37.59711,-112.92949
975,Swamp Creek,3930,48.57142,-120.78267
1077,Swan Lake Mtn,6830,42.41323,-121.68002
805,Swede Peak,7640,43.62600,-113.96887
1012,Swift Creek,4440,46.16380,-122.18402
806,Sylvan Lake,8420,44.47764,-110.15651
807,Sylvan Road,7120,44.47825,-110.03808
809,Tahoe City Cross,6797,39.17162,-120.15362
1247,Takka Wiiya,9122,39.74104,-113.98262
1168,Taos Powderhorn,11057,36.58203,-105.45611
810,Taylor Butte,5030,42.69108,-121.42592
811,Taylor Canyon,6325,41.22870,-116.02930
812,Taylor Green,5740,45.07707,-117.55067
1266,Telaquana Lake,1275,60.98243,-153.91772
1013,Temple Fork,7406,41.79300,-111.54605
1202,Tent Mtn Lower,7104,40.97852,-115.17218
813,Tepee Creek,8000,44.78562,-111.71000
951,Teuchet Creek,1640,64.94583,-145.51667
814,Thaynes Canyon,9230,40.62350,-111.53322
1226,Thistle Flat,8787,39.23803,-111.51998
815,Three Creeks Meadow,5690,44.14425,-121.64095
816,Thumb Divide,7980,44.36917,-110.57717
817,Thunder Basin,4320,48.52753,-120.98950
818,Tie Creek,6870,44.81243,-107.41017
819,Timber Creek,7950,44.02740,-109.17879
1097,Timberline,8736,39.67712,-110.43395
820,Timpanogos Divide,8140,40.42817,-111.61633
899,Tinkham Creek,2990,47.33198,-121.46975
821,Tipton,5150,44.65567,-118.42617
893,Tizer Basin,6880,46.34937,-111.85308
1136,Toe Jam,7700,41.31870,-116.34080
822,Togwotee Pass,9580,43.74902,-110.05780
1044,Toketee Airstrip,3240,43.22718,-122.42537
1089,Tokositna Valley,850,62.63000,-150.77617
934,Tolby,10180,36.47493,-105.19468
823,Tony Grove Lake,8474,41.89833,-111.62957
1113,Tony Grove RS,6332,41.88573,-111.56918
824,Touchet,5530,46.11868,-117.85050
825,Tower,10500,40.53743,-106.67680
826,Townsend Creek,8700,42.69525,-108.89572
827,Trapper Lake,9700,39.99884,-107.23620
1083,Tres Ritos,8600,36.12778,-105.52714
828,Trial Lake,9992,40.67800,-110.94873
829,Trinchera,10860,37.35328,-105.23233
1171,Trinity,2930,48.07470,-120.84930
830,Trinity Mtn.,7770,43.62903,-115.43818
831,Triple Peak,8500,42.76393,-110.59140
832,Trough,5480,47.23328,-120.29412
833,Trout Creek,9518,40.73900,-109.67280
834,Truckee #2,6509,39.30087,-120.18407
954,Turnagain Pass,1880,60.78043,-149.18325
835,Twelvemile Creek,5600,46.14287,-114.44755
836,Twin Lakes,6400,46.14380,-114.50560
837,Two Ocean Plateau,9240,44.15178,-110.22122
838,University Camp,10300,40.03279,-105.57615
952,Upper Chena,2850,65.10000,-144.93317
1227,Upper Joes Valley,8596,39.41550,-111.24910
1090,Upper Nome Creek,2520,65.36710,-146.59200
839,Upper Rio Grande,9400,37.72194,-107.26015
840,Upper San Juan,10200,37.48576,-106.83535
1141,Upper Taylor,10640,38.99077,-106.75422
1055,Upper Tsaina River,1750,61.19112,-145.64807
841,Upper Wheeler,4330,47.28734,-120.37015
1098,Usu Doc Daniel,8270,41.86425,-111.50603
1005,Ute Creek,10650,37.61497,-105.37327
1137,Vacarro Springs,7890,39.44950,-115.98340
1017,Vacas Locas,9306,36.02635,-106.81362
842,Vail Mountain,10300,39.61676,-106.38006
843,Vallecito,10880,37.48510,-107.50680
979,Van Wyck,4920,44.37665,-116.33660
844,Vernon Creek,7401,39.93667,-112.41478
845,Vienna Mine,8960,43.79942,-114.85273
846,Virginia Lakes Ridge,9445,38.07298,-119.23433
1188,Wager Gulch,11100,37.88248,-107.36430
847,Waldron,5600,47.91998,-112.79087
848,Ward Creek #3,6745,39.13545,-120.21865
849,Ward Mountain,9200,39.13242,-114.95575
850,Warm Springs,7800,46.27368,-113.16400
974,Waterhole,5010,47.94485,-123.42594
852,Webber Springs,9250,41.15946,-106.92714
853,Webster Flat,9203,37.57500,-112.90155
909,Wells Creek,4030,48.86610,-121.78976
1160,Weminuche Creek,10740,37.51976,-107.32152
854,Wesner Springs,11120,35.77556,-105.54250
855,West Branch,5560,45.07220,-116.45413
924,West Yellowstone,6700,44.65866,-111.09199
1147,Wheeler Peak,10060,39.00995,-114.31021
857,Whiskey Ck,10220,37.21411,-105.12245
858,Whiskey Creek,6800,44.61088,-111.14998
859,Whiskey Park,8950,41.00289,-106.90848
860,White Elephant,7710,44.53267,-111.41085
861,White Horse Lake,7180,35.14202,-112.14915
862,White Mill,8700,45.04575,-109.90987
863,White Pass E.S.,4440,46.64142,-121.38153
864,White River #1,8641,39.96450,-110.98845
1213,White River Nv,7367,38.94557,-115.37922
865,Widtsoe #3,9640,37.83633,-111.88163
1042,Wild Basin,9560,40.20105,-105.60248
866,Wildcat,7850,33.75835,-109.47973
867,Wildhorse Divide,6490,42.75743,-112.47783
868,Willow Creek,8080,42.81513,-110.83515
869,Willow Creek Pass,9540,40.34703,-106.09433
870,Willow Park,10700,40.43254,-105.73337
871,Wilson Creek,7120,42.01257,-115.00278
872,Windy Peak,7900,42.28020,-105.57816
873,Wolf Creek,5630,45.06703,-118.15192
874,Wolf Creek Summit,11000,37.47922,-106.80170
875,Wolverine,7650,44.80417,-109.65700
876,Wood Creek,5960,47.44847,-112.81428
877,Workman Creek,6900,33.81242,-110.91773
1228,Wrigley Creek,9327,39.13233,-111.35685
1197,Yankee Reservoir,8692,37.74797,-112.77495
878,Younts Peak,8350,43.93225,-109.81775
1033,Zirkel,9340,40.79488,-106.59535
