,1985,1995,2005,2015,2018
301,137.0,162.0,76.0,4.0,38.0
907,,195.0,311.0,100.0,25.0
916,,,59.0,91.0,138.0
1267,,,,,
908,,83.0,32.0,0.0,112.0
1189,,,,,
1062,72.0,,111.0,56.0,114.0
1070,,,,41.0,71.0
302,103.0,115.0,46.0,66.0,58.0
1000,,,55.0,35.0,61.0
303,78.0,63.0,159.0,43.0,15.0
1030,,,111.0,84.0,96.0
304,147.0,134.0,52.0,58.0,69.0
306,100.0,123.0,62.0,97.0,79.0
307,102.0,124.0,56.0,108.0,135.0
308,183.0,79.0,148.0,37.0,40.0
1140,,,,,
309,86.0,79.0,80.0,94.0,118.0
310,199.0,125.0,140.0,26.0,17.0
311,116.0,114.0,52.0,60.0,109.0
312,106.0,108.0,54.0,79.0,89.0
1212,,,,,
313,111.0,112.0,64.0,106.0,158.0
314,101.0,126.0,82.0,106.0,116.0
315,115.0,162.0,56.0,116.0,162.0
316,132.0,123.0,111.0,95.0,39.0
317,,96.0,120.0,59.0,55.0
318,102.0,97.0,87.0,98.0,133.0
319,87.0,135.0,56.0,63.0,84.0
320,94.0,127.0,75.0,77.0,73.0
321,103.0,101.0,87.0,82.0,59.0
1166,,,,,
322,74.0,97.0,98.0,114.0,84.0
323,111.0,117.0,58.0,44.0,100.0
1061,,,84.0,100.0,102.0
992,,,,,
324,100.0,118.0,60.0,52.0,54.0
325,64.0,125.0,70.0,168.0,175.0
326,98.0,117.0,69.0,108.0,205.0
327,129.0,127.0,172.0,71.0,59.0
1041,,,92.0,93.0,60.0
328,80.0,114.0,77.0,89.0,111.0
329,147.0,65.0,83.0,80.0,70.0
330,89.0,98.0,121.0,84.0,51.0
902,,92.0,121.0,4.0,0.0
990,,,38.0,49.0,137.0
331,118.0,63.0,62.0,52.0,72.0
1143,,,,,
332,102.0,101.0,125.0,49.0,41.0
333,147.0,111.0,111.0,31.0,26.0
334,97.0,137.0,250.0,55.0,50.0
335,105.0,85.0,88.0,109.0,79.0
1182,93.0,105.0,159.0,63.0,154.0
1214,,,,,
336,86,80,76,38,46
337,129.0,152.0,161.0,50.0,45.0
338,104.0,115.0,57.0,71.0,89.0
339,109.0,111.0,163.0,54.0,43.0
931,,,84.0,111.0,97.0
340,87.0,130.0,129.0,44.0,55.0
341,123.0,135.0,72.0,33.0,35.0
342,94.0,125.0,133.0,84.0,100.0
343,196.0,103.0,39.0,0.0,61.0
344,133.0,100.0,33.0,7.0,53.0
1155,,,,,
345,,113.0,137.0,70.0,77.0
346,,65.0,43.0,94.0,140.0
347,95.0,151.0,94.0,80.0,121.0
348,103.0,91.0,153.0,121.0,77.0
1185,,,,,
1161,,,,,
349,88.0,95.0,56.0,120.0,165.0
1119,,,,,
1162,,,,,
1144,,,,,
350,99.0,123.0,67.0,98.0,167.0
351,197.0,94.0,24.0,0.0,105.0
352,110.0,131.0,8.0,13.0,74.0
353,99.0,98.0,89.0,118.0,147.0
354,,66.0,59.0,81.0,109.0
355,101.0,116.0,55.0,110.0,137.0
356,100.0,152.0,150.0,37.0,36.0
357,125.0,90.0,47.0,50.0,58.0
1278,,,,,
978,102.0,97.0,66.0,57.0,58.0
358,92.0,99.0,88.0,101.0,129.0
359,123.0,86.0,90.0,90.0,62.0
360,102.0,110.0,57.0,94.0,144.0
361,109.0,106.0,41.0,46.0,54.0
362,172.0,77.0,44.0,9.0,71.0
363,123.0,80.0,74.0,118.0,197.0
364,,,,,
1156,,,,,
365,,101.0,87.0,142.0,179.0
1154,,,,,
366,,111.0,157.0,68.0,67.0
1111,,,,,
367,98.0,73.0,94.0,105.0,131.0
368,98.0,106.0,191.0,61.0,56.0
1080,,,,,
369,107.0,121.0,92.0,143.0,87.0
370,,100.0,53.0,89.0,107.0
371,114.0,115.0,112.0,86.0,51.0
1192,,,,,
1153,,,,,
1107,,,,,
938,,,97.0,126.0,102.0
373,156.0,98.0,78.0,6.0,54.0
913,,,89.0,109.0,118.0
374,112.0,99.0,122.0,82.0,84.0
375,119.0,106.0,11.0,21.0,100.0
376,100.0,120.0,65.0,53.0,115.0
377,106.0,96.0,70.0,112.0,89.0
1051,,,100.0,35.0,30.0
942,,,8.0,0.0,90.0
981,,,33.0,75.0,158.0
378,114.0,96.0,82.0,82.0,62.0
379,,,,,
1135,,,,,
380,120.0,133.0,139.0,89.0,65.0
1109,,,,,
381,99.0,99.0,50.0,110.0,146.0
382,,114.0,80.0,32.0,43.0
383,,153.0,279.0,79.0,38.0
384,88.0,121.0,71.0,91.0,141.0
385,88.0,129.0,75.0,84.0,121.0
1067,,,156.0,51.0,48.0
386,117.0,78.0,169.0,42.0,38.0
387,,102.0,183.0,41.0,48.0
1039,,,105.0,60.0,33.0
388,141.0,76.0,50.0,24.0,76.0
389,113.0,96.0,79.0,73.0,62.0
1130,,,,,
390,87.0,165.0,256.0,74.0,54.0
1152,,,,,
1085,,,,,
391,120.0,156.0,96.0,25.0,60.0
1139,,,,,
392,103.0,103.0,124.0,66.0,61.0
393,116.0,112.0,118.0,68.0,56.0
394,106.0,83.0,136.0,91.0,39.0
1101,,,,,
395,105.0,77.0,69.0,0.0,22.0
396,98.0,127.0,260.0,56.0,44.0
1093,,,,56.0,110.0
895,,127.0,72.0,73.0,75.0
1046,,,80.0,69.0,107.0
398,162.0,81.0,26.0,0.0,64.0
983,,,196.0,78.0,46.0
399,116.0,101.0,142.0,57.0,40.0
400,129.0,119.0,125.0,56.0,47.0
401,148.0,85.0,11.0,0.0,34.0
402,88.0,120.0,95.0,113.0,123.0
403,96.0,123.0,78.0,74.0,127.0
1059,123.0,103.0,139.0,139.0,84.0
405,84.0,98.0,113.0,116.0,140.0
406,108.0,68.0,29.0,4.0,36.0
958,,0.0,177.0,70.0,142.0
982,,,38.0,68.0,108.0
407,93.0,142.0,69.0,114.0,117.0
408,104.0,99.0,79.0,84.0,92.0
409,,93.0,166.0,58.0,38.0
904,,143.0,187.0,72.0,43.0
410,98.0,51.0,37.0,54.0,137.0
411,121.0,96.0,55.0,76.0,121.0
959,76.0,94.0,87.0,8.0,62.0
412,59.0,41.0,141.0,163.0,74.0
413,,,,,
414,,,,,
415,111.0,101.0,84.0,114.0,82.0
416,321.0,8.0,300.0,0.0,0.0
1236,,,,,
417,97.0,129.0,166.0,76.0,66.0
418,55.0,105.0,30.0,49.0,
419,89.0,99.0,84.0,112.0,104.0
420,197.0,72.0,0.0,0.0,70.0
422,212.0,0.0,7.0,2.0,44.0
423,126.0,120.0,61.0,48.0,57.0
424,109.0,171.0,109.0,52.0,64.0
425,107.0,87.0,73.0,95.0,128.0
1010,,,77.0,1.0,42.0
426,,89.0,78.0,120.0,82.0
1045,,,94.0,61.0,37.0
977,,,5.0,0.0,18.0
427,131.0,98.0,67.0,125.0,121.0
428,81.0,139.0,119.0,14.0,21.0
430,135.0,149.0,142.0,118.0,70.0
431,130.0,127.0,146.0,79.0,64.0
432,162.0,132.0,152.0,42.0,42.0
919,,,65.0,110.0,169.0
433,93.0,77.0,74.0,95.0,136.0
434,314.0,93.0,0.0,0.0,60.0
435,128.0,92.0,149.0,65.0,41.0
436,97.0,118.0,74.0,119.0,132.0
437,119.0,78.0,70.0,134.0,140.0
438,101.0,72.0,100.0,104.0,128.0
439,111.0,121.0,58.0,81.0,85.0
923,,,180.0,78.0,84.0
440,134.0,98.0,91.0,54.0,58.0
442,117.0,38.0,10.0,1.0,35.0
443,83.0,79.0,126.0,7.0,40.0
444,116.0,130.0,167.0,101.0,45.0
445,116.0,87.0,33.0,5.0,14.0
446,103.0,103.0,92.0,57.0,59.0
448,79.0,115.0,79.0,70.0,85.0
449,103.0,98.0,110.0,36.0,69.0
450,,,,,
451,86.0,98.0,87.0,108.0,137.0
452,,136.0,204.0,125.0,45.0
453,93,88,108,72,56
454,97.0,105.0,71.0,72.0,37.0
455,142.0,99.0,130.0,50.0,65.0
1243,,,,,
906,,122.0,86.0,70.0,59.0
457,109.0,87.0,90.0,82.0,76.0
943,,,0.0,10.0,142.0
458,144.0,66.0,11.0,41.0,132.0
1105,,,,,
460,,78.0,84.0,140.0,122.0
461,,129.0,192.0,65.0,60.0
998,,,,,
462,82.0,137.0,124.0,53.0,54.0
936,,,140.0,123.0,70.0
463,64.0,136.0,133.0,28.0,36.0
1163,,,,,
464,121.0,103.0,59.0,3.0,46.0
465,,121.0,142.0,65.0,74.0
910,,,15.0,0.0,119.0
466,131.0,100.0,46.0,63.0,124.0
921,,,100.0,23.0,6.0
1106,,,,,
467,98.0,93.0,118.0,72.0,79.0
468,87.0,96.0,100.0,96.0,104.0
1252,,,,,
1120,,,,,
469,134.0,75.0,46.0,94.0,146.0
470,332.0,22.0,7.0,0.0,88.0
471,113.0,106.0,98.0,69.0,63.0
472,87.0,122.0,72.0,117.0,182.0
1092,,,,13.0,41.0
1174,187.0,171.0,155.0,81.0,171.0
473,129.0,114.0,188.0,14.0,16.0
474,100.0,108.0,143.0,66.0,51.0
1054,,,116.0,58.0,44.0
475,105.0,95.0,134.0,100.0,80.0
476,129.0,135.0,75.0,67.0,48.0
1268,,,,,
477,97.0,141.0,67.0,94.0,66.0
478,116.0,129.0,30.0,46.0,107.0
1149,,,,,
479,150.0,83.0,18.0,9.0,50.0
480,93.0,111.0,77.0,103.0,174.0
481,98.0,108.0,178.0,68.0,65.0
482,117.0,115.0,72.0,90.0,130.0
1285,,,,,
1186,,,,,
1049,,,127.0,40.0,45.0
1121,,,,,
483,114.0,72.0,40.0,21.0,39.0
484,126.0,100.0,112.0,91.0,91.0
1277,,,,,
485,96.0,112.0,86.0,122.0,101.0
486,267.0,92.0,21.0,4.0,0.0
487,110.0,75.0,80.0,117.0,197.0
488,161.0,120.0,191.0,21.0,61.0
1262,,,,,
489,109.0,134.0,73.0,96.0,79.0
490,107.0,126.0,86.0,106.0,94.0
491,127.0,121.0,123.0,87.0,38.0
1114,,,,,
1066,,,208.0,76.0,47.0
492,93.0,120.0,76.0,57.0,44.0
1173,,,,,
918,114.0,89.0,70.0,66.0,150.0
1221,,,,,
1222,,,,,
1151,,,,,
945,,,0.0,0.0,140.0
493,148.0,92.0,87.0,84.0,50.0
1057,,,100.0,117.0,15.0
1195,,,,,
1159,,,,,
494,122.0,71.0,67.0,52.0,70.0
1256,,,,,
495,121.0,44.0,112.0,59.0,96.0
1184,,,,,
496,121.0,123.0,48.0,65.0,69.0
1082,,,,103.0,122.0
956,,111.0,59.0,3.0,43.0
497,,99.0,80.0,109.0,108.0
963,,146.0,134.0,111.0,106.0
498,122,114,91,56,49
499,102.0,120.0,80.0,95.0,100.0
500,120.0,90.0,59.0,79.0,139.0
501,,128.0,65.0,107.0,77.0
1058,,,110.0,50.0,21.0
502,66.0,125.0,37.0,45.0,96.0
503,105.0,77.0,117.0,59.0,50.0
504,168.0,76.0,12.0,0.0,35.0
505,92.0,101.0,73.0,107.0,94.0
506,98.0,109.0,93.0,106.0,114.0
507,,,,,
964,,,72.0,4.0,61.0
944,,,73.0,105.0,117.0
1065,,,279.0,32.0,29.0
508,71.0,125.0,123.0,6.0,14.0
509,,96.0,111.0,92.0,80.0
510,117.0,87.0,19.0,67.0,126.0
511,173.0,151.0,184.0,55.0,20.0
512,70.0,132.0,94.0,128.0,140.0
969,,,195.0,42.0,51.0
896,,96.0,117.0,67.0,54.0
514,146.0,224.0,359.0,35.0,22.0
515,100.0,131.0,42.0,101.0,136.0
516,107.0,98.0,62.0,82.0,121.0
1271,,,,,
517,123.0,92.0,131.0,60.0,79.0
1102,,,,,
518,80.0,139.0,149.0,37.0,55.0
519,120.0,111.0,147.0,20.0,11.0
1270,,,,,
520,132.0,100.0,57.0,73.0,132.0
521,,85.0,97.0,89.0,84.0
522,,83.0,120.0,86.0,98.0
988,,,55.0,67.0,117.0
1187,,,,,
523,133.0,104.0,31.0,58.0,91.0
524,112.0,115.0,89.0,87.0,74.0
1223,,,,,
525,93.0,153.0,126.0,79.0,138.0
526,202.0,169.0,43.0,1.0,54.0
527,,,,,
528,,100.0,102.0,86.0,88.0
529,201.0,52.0,2.0,3.0,44.0
530,118.0,104.0,58.0,75.0,123.0
531,91.0,108.0,98.0,127.0,100.0
532,123.0,121.0,116.0,86.0,37.0
1050,,,109.0,25.0,29.0
533,118.0,98.0,111.0,73.0,63.0
1122,,,,,
1158,,,,,
534,71.0,75.0,67.0,117.0,78.0
928,,,0.0,0.0,213.0
535,157.0,41.0,17.0,59.0,151.0
1216,,,,,
537,96.0,129.0,73.0,93.0,65.0
538,113.0,134.0,119.0,114.0,75.0
539,86.0,164.0,130.0,5.0,36.0
540,96.0,127.0,141.0,2.0,17.0
541,72.0,136.0,107.0,53.0,54.0
1091,,,,82.0,135.0
542,95.0,118.0,101.0,103.0,68.0
543,107.0,109.0,220.0,61.0,56.0
544,96.0,106.0,120.0,89.0,87.0
946,96.0,127.0,117.0,51.0,68.0
1129,,,,,
545,136.0,100.0,60.0,31.0,59.0
546,106.0,143.0,92.0,79.0,99.0
547,,116.0,93.0,110.0,112.0
548,112.0,99.0,69.0,71.0,51.0
1275,,,,,
550,99.0,111.0,53.0,81.0,78.0
935,,,75.0,99.0,81.0
551,94.0,69.0,87.0,83.0,80.0
1099,,,,,
970,,,95.0,126.0,98.0
552,224.0,106.0,18.0,0.0,58.0
553,117.0,88.0,26.0,0.0,115.0
1150,,,,,
554,88.0,102.0,116.0,88.0,82.0
1175,,,,,
966,,150.0,93.0,33.0,90.0
555,,96.0,98.0,111.0,129.0
1145,,,,,
556,102.0,112.0,91.0,77.0,76.0
557,113.0,116.0,132.0,63.0,48.0
558,325.0,0.0,0.0,8.0,179.0
559,121.0,149.0,206.0,36.0,66.0
560,99.0,124.0,77.0,126.0,234.0
1115,,,,,
561,102.0,163.0,285.0,65.0,48.0
562,,,,,
563,102.0,95.0,40.0,43.0,53.0
564,82.0,76.0,90.0,122.0,96.0
565,98.0,89.0,83.0,93.0,82.0
566,90.0,138.0,202.0,69.0,45.0
1116,,,,,
513,,108.0,135.0,70.0,69.0
568,107.0,127.0,113.0,49.0,60.0
569,165.0,100.0,57.0,0.0,13.0
570,92,70,108,57,64
571,117.0,82.0,65.0,72.0,68.0
1134,,,,63.0,95.0
572,73.0,98.0,133.0,71.0,61.0
1215,,,,,
573,102.0,91.0,66.0,25.0,49.0
574,,125.0,132.0,55.0,46.0
575,71.0,126.0,225.0,2.0,2.0
1112,,,,,
576,91.0,119.0,77.0,107.0,105.0
577,104.0,125.0,76.0,84.0,127.0
1006,,,100.0,7.0,48.0
578,120.0,107.0,62.0,93.0,122.0
1056,,,125.0,85.0,78.0
579,119.0,105.0,130.0,70.0,79.0
580,144.0,136.0,160.0,69.0,78.0
582,152.0,82.0,135.0,13.0,46.0
947,163.0,149.0,144.0,88.0,158.0
1131,,,,,
583,,0.0,78.0,48.0,0.0
584,183.0,37.0,36.0,0.0,90.0
1047,,,109.0,86.0,88.0
1242,,,,,
585,99.0,104.0,84.0,105.0,163.0
586,110.0,111.0,132.0,97.0,60.0
587,66.0,113.0,164.0,34.0,37.0
588,115.0,85.0,50.0,81.0,124.0
589,113.0,116.0,115.0,73.0,51.0
590,,100.0,77.0,86.0,154.0
591,118.0,96.0,32.0,0.0,128.0
1261,,,,,
1123,,,,,
592,125.0,153.0,192.0,48.0,26.0
1001,,,122.0,51.0,67.0
1016,,,51.0,0.0,54.0
593,,131.0,279.0,42.0,4.0
594,130.0,91.0,38.0,40.0,97.0
595,650.0,17.0,50.0,0.0,0.0
596,,113.0,119.0,71.0,49.0
597,93.0,87.0,96.0,115.0,121.0
1118,,,,,
940,,,100.0,71.0,69.0
599,,99.0,22.0,14.0,47.0
600,135.0,98.0,55.0,65.0,120.0
601,100.0,130.0,67.0,84.0,71.0
972,,,91.0,73.0,60.0
602,,90.0,83.0,99.0,85.0
603,95.0,118.0,74.0,97.0,141.0
604,100.0,68.0,36.0,111.0,191.0
605,185.0,32.0,38.0,25.0,66.0
606,91.0,132.0,53.0,78.0,106.0
1069,,,,,
607,116.0,103.0,93.0,100.0,90.0
608,221.0,0.0,21.0,26.0,62.0
609,103.0,148.0,88.0,77.0,129.0
610,101.0,82.0,82.0,96.0,62.0
612,123.0,106.0,111.0,61.0,46.0
905,,106.0,162.0,57.0,42.0
613,144.0,83.0,26.0,37.0,145.0
614,264.0,140.0,36.0,0.0,79.0
615,79,155,137,46,28
616,,,,,
999,,,,,
617,220.0,126.0,164.0,54.0,21.0
1096,,,,89.0,
618,132.0,127.0,160.0,70.0,59.0
1040,,,92.0,88.0,54.0
619,129.0,88.0,44.0,12.0,65.0
1048,,,203.0,77.0,13.0
1003,,118.0,104.0,0.0,64.0
620,109.0,123.0,69.0,94.0,116.0
897,,57.0,6.0,0.0,126.0
1196,,,,,
914,,,158.0,130.0,23.0
621,97.0,120.0,150.0,55.0,40.0
622,,140.0,182.0,62.0,48.0
1011,,,25.0,24.0,127.0
623,,83.0,41.0,48.0,122.0
937,,,87.0,104.0,58.0
624,136.0,108.0,158.0,77.0,62.0
1014,,,72.0,102.0,77.0
625,108.0,171.0,58.0,124.0,86.0
626,125.0,157.0,334.0,66.0,57.0
1079,,,,,
627,110.0,107.0,67.0,100.0,152.0
628,,102.0,134.0,66.0,60.0
1084,,,,,
629,114.0,136.0,144.0,89.0,59.0
631,,114.0,152.0,56.0,50.0
632,,151.0,159.0,72.0,62.0
633,,103.0,132.0,28.0,38.0
634,131.0,118.0,119.0,76.0,74.0
949,148.0,150.0,160.0,113.0,208.0
635,93.0,107.0,77.0,111.0,182.0
1124,,,,,
636,88.0,137.0,82.0,114.0,101.0
638,93.0,99.0,63.0,111.0,120.0
1035,,,93.0,0.0,49.0
637,100.0,122.0,51.0,71.0,62.0
639,120.0,109.0,65.0,92.0,98.0
640,245.0,160.0,240.0,43.0,40.0
1125,,,,,
642,84.0,140.0,28.0,46.0,107.0
643,104.0,200.0,261.0,49.0,54.0
989,,,30.0,33.0,80.0
644,,110.0,32.0,41.0,102.0
645,114.0,95.0,54.0,56.0,109.0
646,,127.0,63.0,122.0,148.0
647,125.0,101.0,49.0,75.0,96.0
648,,111.0,39.0,3.0,111.0
898,,64.0,0.0,0.0,83.0
649,113.0,97.0,58.0,98.0,162.0
650,106.0,76.0,63.0,122.0,137.0
941,,,0.0,0.0,571.0
1224,,,,,
651,153.0,98.0,25.0,31.0,75.0
1269,,,,,
652,80.0,150.0,115.0,52.0,55.0
1103,69.0,145.0,78.0,8.0,44.0
1073,,,,7.0,41.0
653,89.0,83.0,67.0,112.0,79.0
948,161.0,123.0,175.0,98.0,207.0
1259,,,,,
654,92.0,123.0,49.0,4.0,18.0
655,166.0,87.0,34.0,4.0,80.0
656,96.0,120.0,59.0,114.0,161.0
950,129.0,132.0,163.0,119.0,241.0
1053,,,6.0,0.0,138.0
657,109.0,84.0,65.0,112.0,160.0
658,,131.0,71.0,100.0,97.0
1138,,,,,
903,,82.0,62.0,117.0,184.0
1031,,,100.0,80.0,89.0
660,125.0,73.0,45.0,2.0,38.0
661,,90.0,101.0,116.0,120.0
662,110.0,92.0,57.0,106.0,123.0
663,97.0,79.0,99.0,119.0,98.0
664,111.0,107.0,65.0,110.0,163.0
665,51.0,122.0,144.0,120.0,12.0
666,218.0,70.0,30.0,0.0,110.0
667,,81.0,70.0,97.0,146.0
668,89.0,89.0,94.0,87.0,104.0
669,,126.0,155.0,69.0,73.0
920,,,41.0,98.0,108.0
670,96.0,106.0,54.0,115.0,154.0
1127,,,,,
1146,,,,,
671,111.0,66.0,65.0,5.0,50.0
672,138.0,97.0,17.0,18.0,105.0
673,99.0,102.0,121.0,74.0,86.0
1008,,,77.0,126.0,109.0
675,,121.0,186.0,68.0,42.0
676,54.0,146.0,72.0,105.0,87.0
677,94.0,99.0,104.0,39.0,27.0
1170,,,,,
1148,,,,,
679,107.0,112.0,39.0,38.0,106.0
680,105.0,124.0,116.0,81.0,77.0
681,97.0,91.0,37.0,58.0,109.0
682,115.0,122.0,194.0,55.0,44.0
683,90.0,122.0,76.0,119.0,177.0
684,144.0,102.0,99.0,82.0,70.0
971,,,99.0,58.0,50.0
686,120.0,89.0,107.0,45.0,57.0
687,170.0,78.0,17.0,0.0,54.0
1104,,,,,
930,120.0,108.0,55.0,123.0,166.0
688,94.0,89.0,87.0,99.0,100.0
689,94.0,110.0,95.0,102.0,101.0
690,151.0,79.0,49.0,106.0,135.0
691,106.0,91.0,97.0,95.0,69.0
1142,,,,,
692,94.0,100.0,32.0,44.0,108.0
693,,,,,
694,112.0,107.0,123.0,99.0,72.0
695,,115.0,75.0,99.0,80.0
1263,,,,,
696,112.0,113.0,79.0,105.0,174.0
1133,,,,,
697,81.0,126.0,151.0,24.0,30.0
1244,,,,,
698,108.0,97.0,83.0,83.0,74.0
932,111.0,,48.0,45.0,128.0
699,94.0,148.0,44.0,63.0,90.0
700,110.0,104.0,56.0,62.0,194.0
701,106.0,95.0,126.0,105.0,79.0
987,,,43.0,0.0,22.0
702,145.0,98.0,13.0,45.0,134.0
703,73.0,94.0,108.0,120.0,176.0
704,,0.0,80.0,0.0,48.0
705,232.0,140.0,154.0,15.0,35.0
706,553.0,0.0,0.0,20.0,80.0
707,,118.0,24.0,32.0,98.0
708,156.0,131.0,156.0,73.0,17.0
709,,99.0,81.0,92.0,69.0
1081,,,,28.0,83.0
710,,,,,
1110,,,,,
711,104.0,153.0,35.0,79.0,120.0
1032,,,75.0,106.0,102.0
712,138.0,85.0,12.0,2.0,77.0
713,129.0,120.0,132.0,90.0,69.0
714,138.0,101.0,109.0,73.0,54.0
715,97.0,91.0,128.0,110.0,32.0
1225,,,,,
1217,,,,,
716,101.0,81.0,66.0,83.0,75.0
911,,,8.0,0.0,112.0
2029,,,0.0,57.0,71.0
933,,,87.0,70.0,21.0
1254,,,,,
717,,100.0,98.0,89.0,89.0
718,99.0,73.0,97.0,74.0,91.0
719,151.0,82.0,36.0,3.0,54.0
720,117.0,93.0,199.0,61.0,21.0
721,105.0,21.0,48.0,13.0,10.0
722,101.0,104.0,58.0,118.0,183.0
723,138.0,136.0,151.0,51.0,52.0
917,140.0,3.0,0.0,115.0,153.0
939,,,117.0,122.0,63.0
724,87.0,139.0,135.0,14.0,12.0
725,99.0,101.0,82.0,90.0,153.0
929,,,73.0,111.0,142.0
726,,,,,
727,99.0,108.0,61.0,117.0,144.0
1015,,,119.0,58.0,71.0
1100,,,,,
728,74.0,155.0,54.0,75.0,114.0
729,148.0,90.0,25.0,1.0,50.0
730,84.0,103.0,96.0,93.0,76.0
1172,,,,,
731,98.0,83.0,86.0,84.0,100.0
732,,99.0,99.0,53.0,71.0
922,,,151.0,81.0,28.0
1280,,,,,
733,195.0,74.0,3.0,0.0,54.0
1128,,,,,
734,101.0,133.0,33.0,40.0,102.0
1231,,,,,
735,111.0,102.0,55.0,85.0,138.0
1068,,,,,
1251,,,,,
736,111.0,142.0,53.0,68.0,74.0
737,,127.0,138.0,75.0,81.0
915,,,59.0,90.0,120.0
738,119.0,108.0,57.0,66.0,123.0
739,,111.0,138.0,72.0,42.0
740,116.0,117.0,52.0,79.0,83.0
741,,99.0,107.0,70.0,71.0
742,143.0,130.0,126.0,74.0,41.0
743,,,,,
744,120.0,110.0,111.0,79.0,38.0
1043,,,52.0,54.0,147.0
745,114.0,86.0,38.0,1.0,45.0
746,91.0,96.0,76.0,63.0,29.0
747,152.0,83.0,31.0,41.0,98.0
1060,,,142.0,65.0,42.0
748,156.0,70.0,14.0,1.0,115.0
749,108.0,95.0,81.0,81.0,67.0
751,97.0,99.0,90.0,91.0,150.0
752,159.0,91.0,31.0,3.0,118.0
753,,114.0,77.0,75.0,105.0
754,102.0,96.0,81.0,105.0,148.0
1169,,,,,
1034,,,204.0,68.0,54.0
755,279.0,123.0,98.0,0.0,0.0
756,113.0,62.0,86.0,4.0,20.0
757,254.0,98.0,139.0,53.0,31.0
759,117.0,88.0,64.0,26.0,40.0
760,98.0,105.0,54.0,98.0,132.0
1257,,,,,
912,,,9.0,0.0,112.0
783,,72.0,55.0,94.0,133.0
761,113.0,91.0,89.0,120.0,93.0
762,106.0,119.0,146.0,102.0,69.0
926,,,79.0,81.0,101.0
763,124.0,102.0,114.0,67.0,39.0
1167,,,,,
764,,117.0,73.0,97.0,110.0
765,90.0,95.0,122.0,127.0,110.0
767,114.0,126.0,65.0,48.0,51.0
766,,125.0,176.0,71.0,61.0
927,,,232.0,74.0,42.0
1132,,,,,
769,,134.0,70.0,52.0,39.0
770,113.0,92.0,81.0,79.0,75.0
771,98.0,133.0,165.0,41.0,39.0
985,,,0.0,100.0,400.0
772,73.0,69.0,84.0,64.0,78.0
773,,111.0,142.0,79.0,48.0
925,,,0.0,0.0,471.0
774,101.0,139.0,58.0,23.0,37.0
775,,139.0,148.0,76.0,80.0
776,,92.0,15.0,0.0,76.0
777,367.0,67.0,0.0,0.0,156.0
1117,,,,,
778,165.0,21.0,403.0,18.0,35.0
779,87.0,100.0,106.0,119.0,113.0
984,,,12.0,14.0,68.0
780,,134.0,175.0,72.0,51.0
781,113.0,90.0,78.0,122.0,150.0
782,110.0,122.0,73.0,43.0,78.0
784,59.0,158.0,125.0,40.0,39.0
786,98.0,108.0,110.0,67.0,56.0
787,101.0,115.0,80.0,88.0,125.0
788,115.0,137.0,14.0,12.0,84.0
789,127.0,16.0,63.0,11.0,56.0
1258,,,,,
790,103.0,104.0,108.0,77.0,89.0
791,136.0,121.0,31.0,33.0,118.0
792,99.0,125.0,81.0,100.0,81.0
793,,94.0,104.0,101.0,96.0
794,112.0,0.0,19.0,2.0,28.0
795,107.0,104.0,131.0,67.0,43.0
1009,,,67.0,119.0,115.0
901,,75.0,60.0,110.0,135.0
797,,133.0,209.0,71.0,50.0
798,92.0,116.0,88.0,113.0,93.0
800,123.0,101.0,91.0,46.0,53.0
955,,113.0,93.0,32.0,66.0
801,115.0,90.0,59.0,31.0,75.0
1194,,,,,
1052,,,136.0,36.0,31.0
802,103.0,99.0,100.0,102.0,84.0
1078,,,,,
1249,,,,,
803,161.0,89.0,48.0,54.0,124.0
804,124.0,100.0,18.0,22.0,102.0
967,,138.0,167.0,63.0,74.0
1248,,,,,
975,,,21.0,85.0,133.0
1077,,,,,
805,99.0,124.0,82.0,77.0,60.0
1012,,,33.0,6.0,120.0
806,116.0,122.0,76.0,88.0,129.0
807,,110.0,78.0,109.0,136.0
809,89.0,148.0,137.0,7.0,11.0
1247,,,,,
1168,,,,,
810,101.0,93.0,120.0,0.0,14.0
811,46,65,113,0,8
812,119.0,101.0,46.0,60.0,76.0
1266,,,,,
1013,,,112.0,77.0,69.0
813,81.0,123.0,82.0,81.0,86.0
951,170.0,115.0,161.0,127.0,194.0
814,,124.0,183.0,63.0,64.0
1226,,,,,
815,135.0,99.0,39.0,18.0,41.0
816,,126.0,89.0,74.0,124.0
817,,116.0,34.0,57.0,108.0
818,,93.0,14.0,105.0,81.0
819,,154.0,41.0,141.0,73.0
1097,,,,,
820,121.0,104.0,174.0,55.0,34.0
899,,102.0,19.0,0.0,94.0
821,138.0,97.0,53.0,55.0,68.0
893,,97.0,75.0,95.0,126.0
1136,,,,,
822,102.0,106.0,75.0,112.0,141.0
1044,,,0.0,0.0,338.0
1089,,,,84.0,112.0
934,,,129.0,126.0,19.0
823,103.0,87.0,124.0,92.0,84.0
1113,,,,,
824,160.0,103.0,26.0,37.0,75.0
825,101.0,100.0,84.0,73.0,75.0
826,95.0,132.0,129.0,78.0,92.0
827,,,,,
1083,,,,,
828,116.0,94.0,143.0,73.0,67.0
829,,123.0,135.0,100.0,57.0
1171,,,,,
830,97.0,112.0,63.0,85.0,71.0
831,,92.0,90.0,126.0,138.0
832,94.0,145.0,7.0,49.0,124.0
833,101.0,139.0,229.0,47.0,69.0
834,78.0,128.0,152.0,24.0,26.0
954,62.0,116.0,71.0,45.0,70.0
835,114.0,61.0,53.0,79.0,113.0
836,98.0,97.0,61.0,104.0,145.0
837,86.0,120.0,86.0,104.0,146.0
838,89.0,82.0,86.0,113.0,105.0
952,,93.0,173.0,,
1227,,,,,
839,,102.0,139.0,96.0,52.0
840,125.0,117.0,192.0,60.0,52.0
1141,,,,,
1055,,,128.0,86.0,117.0
841,89.0,140.0,53.0,54.0,82.0
1098,,,,,
1005,,,134.0,69.0,32.0
1137,,,,,
1017,,,115.0,84.0,41.0
842,117.0,92.0,99.0,93.0,68.0
843,,132.0,196.0,76.0,44.0
979,,,61.0,0.0,34.0
844,149.0,146.0,135.0,50.0,57.0
845,103.0,123.0,62.0,98.0,88.0
846,89.0,135.0,203.0,29.0,39.0
1188,,,,,
847,110.0,74.0,44.0,73.0,154.0
848,75.0,135.0,136.0,21.0,30.0
849,102.0,116.0,200.0,42.0,30.0
850,79.0,98.0,61.0,132.0,195.0
974,,,10.0,4.0,135.0
852,102.0,80.0,109.0,72.0,82.0
853,137.0,138.0,241.0,62.0,61.0
909,,,36.0,17.0,137.0
1160,,,,,
854,,136.0,142.0,83.0,14.0
855,101.0,118.0,56.0,57.0,67.0
924,130.0,150.0,86.0,81.0,131.0
1147,,,,,
857,106.0,105.0,148.0,108.0,40.0
858,125.0,158.0,90.0,76.0,114.0
859,,98.0,100.0,91.0,87.0
860,101.0,159.0,100.0,73.0,108.0
861,326.0,110.0,151.0,15.0,10.0
862,92.0,108.0,71.0,121.0,196.0
863,116.0,116.0,14.0,32.0,90.0
864,125.0,118.0,169.0,70.0,53.0
865,116.0,156.0,290.0,92.0,33.0
1042,,,,,
866,266.0,122.0,100.0,0.0,0.0
867,113.0,99.0,80.0,75.0,67.0
868,87.0,110.0,89.0,94.0,117.0
869,87.0,93.0,107.0,80.0,113.0
870,96.0,75.0,88.0,107.0,92.0
871,,82.0,69.0,78.0,46.0
872,72.0,63.0,79.0,91.0,88.0
873,100.0,121.0,51.0,54.0,55.0
874,,115.0,172.0,63.0,76.0
875,84.0,116.0,73.0,128.0,218.0
876,141.0,75.0,59.0,81.0,163.0
877,243.0,24.0,27.0,0.0,12.0
1228,,,,,
1197,,,,,
878,,102.0,73.0,,
1033,,,96.0,96.0,93.0
