,StationID,Station Name,Elevation,Latitude,Longitude
0,301,Adin Mtn,6190,41.23583,-120.79191999999999
1,907,Agua Canyon,8900,37.52217,-112.27118
2,916,Albro Lake,8300,45.597229999999996,-111.95902
3,1267,Alexander Lake,160,61.749669999999995,-150.88967
4,908,Alpine Meadows,3500,47.77957,-121.69847
5,1189,American Creek,1050,64.78969000000001,-141.23376000000002
6,1062,Anchor River Divide,1653,59.859719999999996,-151.315
7,1070,Anchorage Hillside,2080,61.114830000000005,-149.66683
8,302,Aneroid Lake #2,7400,45.21328,-117.19258
9,1000,Annie Springs,6010,42.87007,-122.16518
10,303,Apishapa,10000,37.33062,-105.06748999999999
11,1030,Arapaho Ridge,10960,40.35098,-106.38141999999999
12,304,Arbuckle Mtn,5770,45.19085,-119.25392
13,957,Atigun Pass,4800,68.12983,-149.47817
14,306,Atlanta Summit,7580,43.7569,-115.23907
15,307,Badger Pass,6900,48.13088,-113.02317
16,308,Baker Butte,7300,34.4566,-111.40643
17,1140,Baker Butte Smt,7700,34.45547,-111.38271999999999
18,309,Bald Mtn.,9380,44.8007,-107.84442
19,310,Baldy,9125,33.97883,-109.50344
20,311,Banfield Mountain,5600,48.5712,-115.44573000000001
21,312,Banner Summit,7040,44.30342,-115.23447
22,1212,Bar M,6393,34.86136,-111.60503
23,313,Barker Lakes,8250,46.09713,-113.13038
24,314,Base Camp,7060,43.94019,-110.44543999999999
25,315,Basin Creek,7180,45.79737,-112.52046999999999
26,316,Bateman,9300,36.512159999999994,-106.32128999999999
27,317,Battle Mountain,7440,41.05413,-107.26608999999999
28,318,Beagle Springs,8850,44.471470000000004,-112.98191000000001
29,319,Bear Basin,5350,44.952220000000004,-116.14293
30,320,Bear Canyon,7900,43.74367,-113.93796999999999
31,321,Bear Creek,8040,41.83384,-115.45278
32,1166,Bear Grass,4720,44.3253,-122.0938
33,322,Bear Lake,9500,40.31118,-105.64483
34,323,Bear Mountain,5400,48.30577,-116.07448000000001
35,1061,Bear River,9080,40.06153,-107.00955
36,992,Bear River RS,8777,40.8852,-110.8277
37,324,Bear Saddle,6180,44.60533,-116.98097
38,325,Bear Trap Meadow,8200,43.88743,-107.06135
39,326,Beartooth Lake,9360,44.94307,-109.56743
40,327,Beartown,11600,37.71409,-107.51212
41,1041,Beaver Ck Village,8500,39.59917,-106.51142
42,328,Beaver Creek,7850,44.949659999999994,-111.35852
43,329,Beaver Dams,7990,39.136829999999996,-111.55813
44,330,Beaver Divide,8280,40.61233,-111.09782
45,902,Beaver Head,7990,33.69144,-109.21656999999999
46,990,Beaver Pass,3630,48.8793,-121.2555
47,331,Beaver Reservoir,5150,45.14532,-118.219
48,1143,Beaver Spring,9200,36.32678,-109.05711000000001
49,332,Ben Lomond Peak,7689,41.37603,-111.94405
50,333,Ben Lomond Trail,5972,41.382909999999995,-111.92103
51,334,Berry Creek,9377,39.31917,-114.62278
52,335,Berthoud Summit,11300,39.80392,-105.77788999999999
53,1182,Bettles Field,640,66.91667,-151.53333
54,1214,Bevans Cabin,6520,40.46182,-112.25233
55,336,Big Bend,6898,41.76168,-115.6931
56,337,Big Creek Sum,8685,39.29148,-117.11506000000001
57,338,Big Creek Summit,6560,44.62621,-115.79561000000001
58,339,Big Flat,10349,38.301829999999995,-112.35672
59,931,Big Goose,7990,44.579240000000006,-107.20068
60,340,Big Meadow,8235,39.455,-119.9422
61,341,Big Red Mountain,6050,42.05257,-122.85486999999999
62,342,Big Sandy Opening,9080,42.6458,-109.25965
63,343,Bigelow Camp,5130,42.07875,-123.34393
64,344,Billie Creek Divide,5280,42.40717,-122.26616999999999
65,1155,Bird Creek,7537,39.46138,-114.64863000000001
66,345,Bison Lake,10880,39.76487,-107.35681000000001
67,346,Bisson Creek,4920,47.683890000000005,-113.99901000000001
68,347,Black Bear,8170,44.50832,-111.12803000000001
69,348,Black Flat-U.M. Ck,9414,38.6799,-111.59765
70,1185,Black Mesa,11580,37.78972,-108.18365
71,1161,Black Mountain,8920,40.888,-105.66396999999999
72,349,Black Pine,7210,46.414,-113.43095
73,1119,Blackhall Mtn,9820,41.05616,-106.71383999999999
74,1162,Blacks Fork Jct,8869,40.95814,-110.5828
75,1144,Blacktail Mtn,5650,47.98288,-114.3543
76,350,Blackwater,9780,44.376670000000004,-109.79333000000001
77,351,Blazed Alder,3650,45.4287,-121.85605
78,352,Blewett Pass,4240,47.35037,-120.6796
79,353,Blind Bull Sum,8650,42.964,-110.60973
80,354,Blind Park,6890,44.10772,-103.97688000000001
81,355,Bloody Dick,7600,45.16507,-113.50098999999999
82,356,Blue Lakes,8067,38.608,-119.92437
83,357,Blue Mountain Spring,5870,44.24767,-118.51722
84,1278,Bobs Hollow,9319,38.94569,-112.15348999999999
85,978,Bogus Basin,6340,43.76377,-116.09685
86,358,Bone Springs Div,9350,44.67888,-107.5811
87,359,Bostetter R.S.,7500,42.16442,-114.19272
88,360,Boulder Mountain,7950,46.5596,-111.28973
89,361,Bourne,5850,44.83052,-118.18786999999999
90,362,Bowman Springs,4530,45.36428,-118.46715
91,363,Box Canyon,6670,45.2719,-110.24903
92,364,Box Creek,9853,38.50809,-112.01856000000001
93,1156,Box Springs,9228,38.49746,-112.00778999999999
94,365,Brackett Creek,7320,45.89107,-110.93851000000001
95,1154,Brian Head,10039,37.67994,-112.85673999999999
96,366,Brighton,8766,40.59936,-111.58166999999999
97,1111,Bristlecone Trail,8890,36.31575,-115.69543
98,367,Brooklyn Lake,10240,41.35885,-106.23208999999999
99,368,Brown Duck,10574,40.58102,-110.58587
100,1080,Brown Top,5830,48.92755,-121.19713
101,369,Brumley,10600,39.08766,-106.5417
102,370,Brundage Reservoir,6250,45.04315,-116.13253
103,371,Buck Flat,9409,39.134,-111.43722
104,1192,Buck Pasture,9632,40.844559999999994,-110.66068
105,1153,Buckboard Flat,8924,37.86943,-109.44717
106,1107,Buckinghorse,4870,47.7086,-123.45747
107,938,Buckskin Joe,11150,39.3035,-106.11307
108,373,Buckskin Lower,6930,41.75067,-117.53182
109,913,Buffalo Park,9240,40.228609999999996,-106.59528
110,374,Bug Lake,7987,41.68541,-111.41986999999999
111,375,Bumping Ridge,4610,46.81003,-121.33058
112,376,Bunchgrass Mdw,5000,48.68688,-117.17633000000001
113,377,Burgess Junction,7880,44.78765,-107.52917
114,1051,Burnside Lake,8129,38.719429999999996,-119.8942
115,942,Burnt Mountain,4170,47.0444,-121.94032
116,981,Burnt Mtn,5880,45.2401,-109.45961000000001
117,378,Burro Mountain,9400,39.87505,-107.59853000000001
118,379,Burroughs Creek,8750,43.69733,-109.67021000000001
119,1135,Burts Miller Ranch,8000,40.98492,-110.85075
120,380,Butte,10160,38.89433,-106.953
121,1109,Calamity,2500,45.903620000000004,-122.21633
122,381,Calvert Creek,6430,45.8838,-113.32553
123,382,Camas Creek Divide,5710,43.26548,-115.3453
124,383,Camp Jackson,8858,37.81333,-109.48723000000001
125,384,Canyon,7870,44.719609999999996,-110.51083999999999
126,385,Carrot Basin,9000,44.96192,-111.29403
127,1067,Carson Pass,8360,38.6927,-120.0022
128,386,Cascade,8880,37.65083,-107.80601999999999
129,387,Cascade #2,8920,37.658,-107.80268000000001
130,1039,Cascade Mountain,7774,40.283,-111.60991999999999
131,388,Cascade Summit,5100,43.59042,-122.0601
132,389,Casper Mtn.,7900,42.73389,-106.31861
133,1130,Castle Creek,8400,43.6748,-109.3774
134,390,Castle Valley,9607,37.66098,-112.74093
135,1152,Cave Mountain,10578,39.16337,-114.6133
136,1085,Cayuse Pass,5240,46.86954,-121.5343
137,391,Cedar Pass,7030,41.58233,-120.3025
138,1139,Chalender,7100,35.26247,-112.06231000000001
139,392,Chalk Creek #1,9171,40.85464,-111.04765
140,393,Chalk Creek #2,8208,40.885290000000005,-111.06953999999999
141,394,Chamita,8400,36.95636,-106.65682
142,1101,Chapman Tunnel,10110,39.262170000000005,-106.62931
143,395,Chemult Alternate,4850,43.22625,-121.80662
144,396,Chepeta,10499,40.77458,-110.0105
145,1093,Chisana,3320,62.069,-142.049
146,895,Chocolate Gulch,6310,43.7685,-114.41812
147,1046,Cinnabar Park,9574,41.23837,-106.23095
148,398,Clackamas Lake,3400,45.096579999999996,-121.75443
149,983,Clayton Springs,10049,37.9725,-111.83355
150,399,Clear Creek #1,8975,39.86671,-111.28363
151,400,Clear Creek #2,7837,39.89275,-111.25153999999999
152,401,Clear Lake,3810,45.188320000000004,-121.6916
153,402,Cloud Peak Reservoir,9860,44.40343,-107.06057
154,403,Clover Meadow,8600,45.01788,-111.8456
155,1059,Cochetopa Pass,10020,38.16283,-106.59883
156,405,Cold Springs,9630,43.276759999999996,-109.44585
157,406,Cold Springs Camp,5940,42.53305,-122.17683000000001
158,958,Coldfoot,1040,67.25333,-150.183
159,982,Cole Canyon,5910,44.48632,-104.41056999999999
160,407,Cole Creek,7850,45.19405,-109.34548000000001
161,1204,Columbia Basin,6471,41.6716,-116.0703
162,408,Columbine,9160,40.3948,-106.60408000000001
163,409,Columbine Pass,9400,38.41795,-108.38248999999999
164,904,Columbus Basin,10785,37.44147,-108.02445
165,410,Combination,5600,46.46523,-113.39358
166,411,Cool Creek,6280,46.76361,-115.29528
167,959,Cooper Lake,1200,60.390269999999994,-149.6936
168,412,Copeland Lake,8600,40.20778,-105.56861
169,413,Copper Bottom,5200,47.056779999999996,-112.595
170,414,Copper Camp,6950,47.081579999999995,-112.72955
171,415,Copper Mountain,10550,39.489540000000005,-106.17095
172,1209,Corduroy Flat,8640,38.99651,-115.42478
173,416,Coronado Trail,8400,33.80392,-109.15281999999999
174,1236,Corral,8207,39.65795,-110.37906000000001
175,417,Corral Canyon,8445,40.27551,-115.54016999999999
176,418,Corral Pass,5800,47.01872,-121.46463999999999
177,419,Cottonwood Creek,7670,42.6459,-110.81482
178,420,Cougar Mountain,3200,47.27666,-121.67138
179,422,County Line,4830,45.19107,-118.55015
180,423,Cozy Cove,5400,44.28846,-115.65508
181,424,Crab Creek,6900,44.437,-111.99383999999999
182,425,Crater Meadows,5960,46.56394,-115.28903000000001
183,1010,Crazyman Flat,6180,42.6381,-120.94917
184,426,Crosho,9100,40.16745,-107.0575
185,1045,Crow Creek,8330,41.2287,-105.38278000000001
186,977,Crowder Flat,5170,41.89318,-120.75202
187,427,Crystal Lake,6050,46.78942,-109.51205
188,428,Css Lab,6894,39.32565,-120.36806999999999
189,430,Culebra #2,10500,37.20945,-105.19958999999999
190,431,Cumbres Trestle,10040,37.01878,-106.45178999999999
191,432,Currant Creek,7915,40.35747,-111.08993000000001
192,919,Daisy Peak,7600,46.66858,-110.33022
193,433,Daly Creek,5780,46.18367,-113.8533
194,434,Daly Lake,3690,44.52147,-122.08718
195,435,Daniels-Strawberry,8008,40.2953,-111.25676999999999
196,436,Darkhorse Lake,8945,45.17367,-113.58448
197,437,Deadman Creek,6450,46.792790000000004,-110.67545
198,438,Deadman Hill,10220,40.80571,-105.76993
199,439,Deadwood Summit,6860,44.54514,-115.5638
200,923,Deer Park,9700,42.590759999999996,-108.90273
201,1210,Defiance Mines,9306,39.08527,-114.89971000000001
202,440,Derr.,5850,44.4465,-119.93012
203,442,Diamond Lake,5280,43.187870000000004,-122.14003000000001
204,443,Diamond Peak,8017,39.56361,-115.84421
205,444,Dills Camp,9228,39.04554,-111.46875
206,445,Disaster Peak,6260,41.96737,-118.18933999999999
207,446,Dismal Swamp,7360,41.99127,-120.18033
208,448,Divide,7800,44.79317,-112.05645
209,449,Divide Peak,8880,41.303979999999996,-107.15241
210,450,Dollarhide Summit,8420,43.6025,-114.67416999999999
211,451,Dome Lake,8880,44.57462,-107.29536999999999
212,452,Donkey Reservoir,9799,38.2084,-111.47412
213,453,Dorsey Basin,7903,40.89343,-115.21104
214,454,Draw Creek,7285,41.66198,-115.32396999999999
215,455,Dry Bread Pond,8302,41.412890000000004,-111.5377
216,1243,Dry Creek,6555,40.8638,-115.22013999999999
217,906,Dry Fork,7093,40.565329999999996,-112.17343000000001
218,457,Dry Lake,8400,40.533970000000004,-106.7813
219,943,Dungeness,4010,47.872240000000005,-123.0788
220,458,Dupuyer Creek,5750,48.06341,-112.7573
221,960,Eagle Summit,3650,65.48588000000001,-145.41212
222,1105,East Boulder Mine,6335,45.503809999999994,-110.08018999999999
223,460,East Rim Divide,7930,43.13097,-110.2023
224,461,East Willow Creek,8302,39.312129999999996,-109.53178999999999
225,998,Easy Pass,5270,48.85933,-121.43895
226,462,Ebbetts Pass,8661,38.5497,-119.80468
227,936,Echo Lake,10600,39.65627,-105.59345
228,463,Echo Peak,7653,38.849,-120.0795
229,1163,EF Blacks Fork GS,9360,40.88472,-110.54056000000001
230,464,Eilertson Meadows,5510,44.86887,-118.11386999999999
231,465,El Diente Peak,10000,37.78617,-108.02155
232,910,Elbow Lake,3040,48.69092,-121.90893
233,466,Elk Butte,5690,46.83998,-116.12233
234,921,Elk Cabin,8210,35.7043,-105.80675
235,1106,Elk Peak,7600,46.4845,-110.7125
236,467,Elk River,8700,40.847809999999996,-106.96871000000002
237,468,Elkhart Park G.S.,9400,43.00657,-109.75893
238,1252,Elkhead Divide,8780,40.796490000000006,-107.10122
239,1120,Elliot Ridge,10520,39.864,-106.4246
240,469,Emery Creek,4350,48.43412,-113.93725
241,470,Emigrant Springs,3800,45.55808,-118.45383000000001
242,471,Emigrant Summit,7390,42.36055,-111.56085
243,1071,Esther Island,50,60.798,-148.0857
244,472,Evening Star,9200,44.65258,-109.78421999999999
245,1092,Exit Glacier,400,60.19033,-149.62117
246,1174,Fairbanks F.O.,450,64.85,-147.8
247,473,Fallen Leaf,6242,38.93403,-120.0545
248,474,Farmington,7902,40.97462,-111.80975
249,1054,Farmington Lower,6779,40.992,-111.81702
250,475,Farnsworth Lake,9623,38.772459999999995,-111.67662
251,476,Fawn Creek,7031,41.82098,-116.10153000000001
252,1268,Fielding Lake,3000,63.20267,-145.6305
253,477,Fish Creek,7660,42.709920000000004,-118.6321
254,478,Fish Lake,3430,47.53565,-121.08553
255,1149,Fish Lake Utah,8798,38.50455,-111.76693
256,479,Fish Lk.,4660,42.3801,-122.34943
257,480,Fisher Creek,9100,45.06235,-109.94488
258,481,Five Points Lake,10943,40.71785,-110.46721000000001
259,482,Flattop Mtn.,6300,48.80225,-113.85713
260,1285,Flower Mountain,2510,59.39617,-136.28123
261,1186,Fool Creek,11150,39.8687,-105.8675
262,1049,Forestdale Creek,8017,38.68245,-119.9597
263,1121,Fort Valley,7350,35.26806,-111.74486
264,961,Fort Yukon,430,66.5705,-145.24553
265,483,Fourmile Lake,5970,42.43933,-122.2288
266,484,Franklin Basin,8140,42.0505,-111.6012
267,1277,Fredonyer Peak,7208,40.68799,-120.60805
268,485,Fremont Pass,11400,39.379909999999995,-106.19681000000001
269,486,Frisco Divide,8000,33.73646,-108.94502
270,487,Frohner Meadow,6480,46.43545,-112.19277
271,488,Fry,7200,35.07297,-111.84374
272,1262,Fry Canyon,6798,41.57022,-115.93645
273,489,Galena,7470,43.87722,-114.6725
274,490,Galena Summit,8780,43.874970000000005,-114.71363000000001
275,491,Gallegos Peak,9800,36.19446,-105.55795
276,1114,Garden City Summit,7705,41.9215,-111.4693
277,1066,Gardner Peak,8322,37.40083,-113.45988
278,492,Garfield R.S.,6560,43.6104,-113.9308
279,1173,Garita Peak,10160,36.005,-106.54838000000001
280,918,Garver Creek,4250,48.975229999999996,-115.81915
281,1221,GBRC HQ,8801,39.320190000000004,-111.48827
282,1222,GBRC Meadows,9858,39.30229,-111.45383000000001
283,1151,George Creek,8964,41.915620000000004,-113.41153999999999
284,945,Gerber Reservoir,4890,42.2062,-121.1334
285,493,Giveout,6930,42.4132,-111.1663
286,1057,Glen Cove,11460,38.87583,-105.07366999999999
287,962,Gobblers Knob,2030,66.745,-150.6675
288,1195,Golconda,6616,40.88358,-117.58811999999999
289,1159,Gold Axe Camp,5360,48.9516,-118.9864
290,494,Gold Center,5410,44.7638,-118.3117
291,1256,Gold Mountain,4390,48.18934,-118.4559
292,495,Gooseberry RS,7944,38.800340000000006,-111.68333
293,1184,Gooseberry RS Up,8396,38.7882,-111.68892
294,496,Graham Guard Sta.,5690,43.9538,-115.27387
295,1082,Grand Targhee,9260,43.77933,-110.92783
296,956,Grandview,1100,60.60831999999999,-149.06313
297,497,Granite Creek,6770,43.34298,-110.43495
298,963,Granite Crk,1240,63.943819999999995,-145.39993
299,498,Granite Peak,8503,41.670320000000004,-117.56668
300,499,Grassy Lake,7265,44.12612,-110.83435
301,500,Grave Creek,4300,48.91453,-114.76663
302,501,Grave Springs,8550,43.466429999999995,-107.23977
303,1058,Grayback,11620,37.47033,-106.53783
304,502,Green Lake,5920,46.54741,-121.17093
305,503,Green Mountain,8185,40.3848,-115.52757
306,504,Greenpoint,3310,45.622370000000004,-121.70415
307,505,Grizzly Peak,11100,39.64631,-105.86973
308,506,Gros Ventre Summit,8750,43.38939,-110.12943
309,507,Grouse Camp,5390,47.28107,-120.48771
310,964,Grouse Creek Divide,700,60.25965,-149.34228000000002
311,944,Gunsight Pass,9820,43.38332,-109.87815
312,1065,Gutz Peak,6763,37.49617,-113.94235
313,508,Hagans Meadow,7742,38.8519,-119.9374
314,509,Hams Fork,7840,42.146,-110.67833
315,510,Hand Creek,5035,48.30754,-114.84075
316,511,Hannagan Meadows,9020,33.65387,-109.30951999999999
317,512,Hansen Sawmill,8360,44.25602,-106.97983
318,969,Happy Jack,7630,34.745979999999996,-111.41207
319,896,Hardscrabble,7250,40.86833,-111.71865
320,514,Harris Flat,7792,37.48997,-112.57602
321,515,Harts Pass,6490,48.72047,-120.6586
322,516,Hawkins Lake,6450,48.9723,-115.95336999999999
323,1271,Hawley Lake,8300,33.97142,-109.76528
324,517,Hayden Fork,9130,40.796690000000005,-110.88472
325,1102,Hayden Pass,10720,38.29326,-105.8505
326,518,Heavenly Valley,8534,38.92431,-119.91641000000001
327,519,Heber,7640,34.312020000000004,-110.75431
328,1270,Heen Latinee,2065,58.69651999999999,-134.86448000000001
329,520,Hemlock Butte,5810,46.48111,-115.63361
330,521,Hewinta,9500,40.95009,-110.48418999999998
331,522,Hickerson Park,9122,40.90663,-109.96287
332,988,Hidden Lake,5040,48.8937,-116.75748
333,1187,High Lonesome,10620,40.035920000000004,-105.75471
334,523,High Ridge,4920,45.69682,-118.10656999999999
335,524,Hilts Creek,8000,44.01897,-113.4723
336,1223,Hobble Creek,7377,40.18538,-111.35971
337,525,Hobbs Park,10100,42.86984,-109.09455
338,526,Hogg Pass,4790,44.42042,-121.85655
339,527,Hole-in-Mountain,8163,40.94168,-115.0954
340,528,Hole-in-Rock,9168,40.92167,-110.18623000000001
341,529,Holland Meadows,4930,43.66917,-122.56877
342,530,Hoodoo Basin,6050,46.9751,-115.0349
343,531,Hoosier Pass,11400,39.361270000000005,-106.05978
344,532,Hopewell,10000,36.71631,-106.26348
345,1050,Horse Meadow,8557,38.83652,-119.88731999999999
346,533,Horse Ridge,8199,41.31372,-111.44623999999999
347,1122,Hourglass Lake,9380,40.57913,-105.63068
348,1158,Howard Prairie,4580,42.215,-122.3713
349,534,Howell Canyon,7980,42.32029,-113.61587
350,991,Hozomeen Camp,1690,48.98075,-121.07976000000001
351,928,Huckleberry Creek,2250,47.06565,-121.58778000000001
352,535,Humboldt Gulch,4250,47.53178,-115.77643
353,1216,Huntington Horse,9652,39.617740000000005,-111.30576
354,537,Hyndman,7620,43.710770000000004,-114.15893999999999
355,538,Idarado,9800,37.9339,-107.67551999999999
356,968,Imnaviat Creek,3050,68.61683000000001,-149.30017
357,539,Independence Camp,6980,39.452690000000004,-120.29366999999999
358,540,Independence Creek,6436,39.49001,-120.28226000000001
359,541,Independence Lake,8338,39.42752,-120.31342
360,1091,Independence Mine,3550,61.791169999999994,-149.27966999999998
361,542,Independence Pass,10600,39.075390000000006,-106.61169
362,543,Indian Canyon,9171,39.891659999999995,-110.74604
363,544,Indian Creek,9425,42.30023,-110.67753
364,946,Indian Pass,2350,61.06766999999999,-149.4795
365,1129,Indian Rock,5360,45.99077,-120.80767
366,545,Irish Taylor,5540,43.80368,-121.94793
367,1276,Iron Mine Creek,6340,43.55614,-113.71826000000001
368,546,Island Park,6290,44.4203,-111.38512
369,547,Ivanhoe,10400,39.29202,-106.54923000000001
370,548,Jack Creek Upper,7377,41.54675,-116.00516999999999
371,1275,Jack Wade Jct,3585,64.1529,-141.32693
372,549,Jacks Peak,8424,41.5136,-116.0117
373,550,Jackson Peak,7070,44.05092,-115.44322
374,935,Jackwhacker Gulch,10960,39.56667,-105.8
375,1211,Jakes Creek,7374,41.56861,-115.03237
376,551,Joe Wright,10120,40.53215,-105.887
377,1036,Johnsons Camp,25,64.5646,-164.29256999999998
378,1099,Jones Corral,9749,38.07125,-112.16788000000001
379,970,Jones Pass,10400,39.7645,-105.90623000000001
380,552,Jump Off Joe,3520,44.38605,-122.16683
381,553,June Lake,3440,46.14778,-122.15413000000001
382,1063,Kachemak Creek,1660,59.728930000000005,-150.66113
383,1150,Kalamazoo,7775,39.5579,-114.62762
384,1072,Kantishna,1550,63.541669999999996,-150.994
385,554,Kelley R.S.,8180,42.26554,-110.80176999999999
386,1175,Kelly Station,310,67.93333,-162.28333
387,966,Kenai Moose Pens,300,60.727,-150.47517
388,555,Kendall R.S.,7740,43.2493,-110.01661999999999
389,1145,Kilfoil Creek,7220,41.247640000000004,-111.41248999999999
390,556,Kiln,9600,39.317240000000005,-106.61453
391,557,Kimberly Mine,9101,38.48383,-112.39273
392,558,King Mountain,4340,42.72395,-123.20036999999999
393,559,Kings Cabin,8728,40.71632,-109.54401000000001
394,560,Kirwin,9550,43.86067,-109.32163
395,1115,Klondike Narrows,7250,41.967690000000005,-111.59713
396,561,Kolob,9263,37.52664,-113.05386000000001
397,562,Kraft Creek,4750,47.42749,-113.77515
398,563,Lake Creek R.S.,5240,44.21007,-118.63752
399,564,Lake Eldora,9700,39.93678,-105.58956
400,565,Lake Irene,10700,40.414320000000004,-105.8198
401,566,Lakefork #1,10128,40.59709,-110.43316000000002
402,1116,Lakefork #3,8464,40.5502,-110.3529
403,513,Lakefork Basin,10885,40.73785,-110.62121
404,568,Lakeview Ridge,7400,44.58907,-111.82498000000001
405,569,Lamance Creek,6395,41.51542,-117.63197
406,570,Lamoille #3,8051,40.6448,-115.3812
407,571,Laprele Creek,8375,42.435829999999996,-105.86083
408,1134,Larsen Creek,9000,42.5801,-109.0883
409,572,Lasal Mountain,9578,38.48226,-109.27198
410,1215,Lasal Mountain-Lower,8783,38.48167,-109.29163999999999
411,573,Laurel Draw,6682,41.77637,-116.02956999999999
412,574,Leavitt Lake,9604,38.275940000000006,-119.61281000000001
413,575,Leavitt Meadows,7198,38.303670000000004,-119.55111000000001
414,1112,Lee Canyon,8626,36.30537,-115.67508000000001
415,576,Lemhi Ridge,8100,44.9938,-113.44398999999999
416,577,Lewis Lake Divide,7850,44.20862,-110.66628
417,1006,Lewis Peak,7400,40.35757,-116.86492
418,578,Lick Creek,6860,45.5041,-110.96625
419,1056,Lightning Ridge,8215,41.35883,-111.48747
420,579,Lily Lake,9133,40.86493,-110.79813
421,580,Lily Pond,11000,37.379290000000005,-106.54835
422,582,Little Bear,6548,41.40562,-111.82607
423,947,Little Chena Ridge,2000,65.12422,-146.7339
424,1131,Little Goose,8870,44.54315,-107.17865
425,583,Little Grassy,6065,37.486309999999996,-113.84581999999999
426,584,Little Meadows,4020,44.612970000000004,-122.22565
427,1047,Little Snake River,8915,41.07053,-106.94283
428,1242,Little Valley,6493,39.252590000000005,-119.8771
429,585,Little Warm,9370,43.50278,-109.752
430,586,Lizard Head Pass,10200,37.79926,-107.92426
431,587,Lobdell Lake,9249,38.43745,-119.36572
432,588,Lolo Pass,5240,46.634479999999996,-114.58072
433,589,Lone Cone,9600,37.89183,-108.19543999999999
434,590,Lone Mountain,8880,45.27412,-111.42692
435,591,Lone Pine,3930,46.27143,-121.96288
436,1261,Lonesome Beaver,9410,38.07,-110.77241000000001
437,1123,Long Draw Resv,9980,40.5123,-105.7656
438,592,Long Flat,7982,37.51255,-113.39661000000001
439,1001,Long Lake,850,58.186,-133.83217
440,1016,Long Valley,4890,44.78835,-116.08878
441,593,Long Valley Jct,7465,37.487559999999995,-112.51458000000001
442,594,Lookout,5190,47.45749,-115.70456999999999
443,595,Lookout Mountain,8500,33.36027,-107.83122
444,596,Lookout Peak,8161,40.837309999999995,-111.70965
445,597,Loomis Park,8240,43.17387,-110.14007
446,1118,Lost Creek Resv,6082,41.22155,-111.35947
447,940,Lost Dog,9320,40.81588,-106.74835
448,599,Lost Horse,5120,46.3575,-121.08095
449,600,Lost Lake,6110,47.0809,-115.9604
450,601,Lost-Wood Divide,7900,43.82432,-114.26402
451,972,Louis Meadow,6700,40.83033,-111.76456999999999
452,602,Loveland Basin,11400,39.67433,-105.90133
453,1265,Lower Kachemak Creek,1915,59.73506999999999,-150.69326999999998
454,603,Lower Twin,7900,45.50871,-111.92288
455,604,Lubrecht Flume,4680,46.88293,-113.32228
456,605,Lucky Strike,4970,45.27478,-118.8479
457,606,Lyman Lake,5980,48.19798,-120.91678
458,1069,Lynn Lake,3900,47.20172,-121.77972
459,607,Lynx Pass,8880,40.07806,-106.67028
460,608,Madison Butte,5150,45.105129999999996,-119.49585
461,609,Madison Plateau,7750,44.58623,-111.11627
462,610,Magic Mountain,6880,42.18072,-114.28662
463,612,Mammoth-Cottonwood,8709,39.68338,-111.31818
464,905,Mancos,10000,37.43087,-108.16953999999998
465,613,Many Glacier,4900,48.79698,-113.6705
466,614,Marion Forks,2590,44.59397,-121.97365
467,615,Marlette Lake,7884,39.16395,-119.89672
468,616,Marquette,8760,44.3016,-109.24018999999998
469,999,Marten Ridge,3520,48.76292,-121.69823000000001
470,617,Maverick Fork,9200,33.921209999999995,-109.45881000000001
471,1096,May Creek,1610,61.34783,-142.70967
472,618,Mc Clure Pass,9500,39.12897,-107.28806000000002
473,1040,Mccoy Park,9480,39.60468,-106.54128
474,619,Mckenzie,4770,44.2103,-121.87292
475,1048,Mcknight Cabin,9240,33.00812,-107.86975
476,1003,Mcneil Canyon,1320,59.744330000000005,-151.25133
477,1191,Mcneil River SGS,140,59.08331999999999,-154.27543
478,620,Meadow Lake,9150,44.43655,-113.31815
479,897,Meadows Pass,3230,47.283120000000004,-121.47197
480,1196,Med Bow,10500,41.37833,-106.34681
481,914,Medano Pass,9649,37.85164,-105.43614
482,621,Merchant Valley,8705,38.30285,-112.43637
483,1207,Merritt Mountain,6908,41.8928,-115.8582
484,622,Mesa Lakes,10000,39.05831,-108.05835
485,1011,MF Nooksack,4970,48.824529999999996,-121.92951000000001
486,623,Mica Creek,4510,47.15045,-116.26643
487,937,Michigan Creek,10600,39.43577,-105.91078
488,1206,Midas,6635,41.2687,-116.8033
489,624,Middle Creek,11250,37.61978,-107.03482
490,1064,Middle Fork Bradley,2300,59.776830000000004,-150.75733
491,1014,Middle Fork Camp,8940,39.7956,-106.0273
492,625,Middle Powder,7760,43.62728,-107.18138
493,626,Midway Valley,9827,37.56933,-112.83849
494,1079,Milk Shakes,5580,45.9821,-117.94883
495,627,Mill Creek Summit,8800,44.472120000000004,-114.48992
496,628,Mill-D North,8963,40.65883,-111.63683
497,1084,Miller Woods,420,45.24755,-123.27563
498,629,Mineral Creek,10040,37.84747,-107.72657
499,631,Mining Fork,8295,40.493840000000006,-112.61141
500,632,Molas Lake,10500,37.749320000000004,-107.68866000000001
501,1287,Mom Creek,8800,44.77665,-113.12245
502,1094,Monahan Flat,2710,63.305330000000005,-147.64633
503,633,Monitor Pass,8306,38.6683,-119.6087
504,634,Monte Cristo,8932,41.46547,-111.49688
505,949,Monument Creek,1850,65.07833000000001,-145.87067
506,635,Monument Peak,8850,45.21759,-110.237
507,1124,Moon Pass,11140,37.966609999999996,-106.55837
508,636,Moonshine,7440,44.4147,-113.39811999999999
509,1176,Moore Creek Bridge,2250,59.587830000000004,-135.2105
510,638,Moose Creek,6200,45.67008,-113.95315
511,1035,Moraine,2100,61.377269999999996,-148.99917
512,637,Mores Creek Summit,6100,43.932,-115.66588
513,639,Morgan Creek,7600,44.84237,-114.26871000000001
514,640,Mormon Mountain,7500,34.94109,-111.51848999999999
515,1125,Mormon Mtn Summit,8500,34.969640000000005,-111.50922
516,642,Morse Lake,5410,46.90585,-121.4827
517,643,Mosby Mtn.,9553,40.60798,-109.8881
518,989,Moscow Mountain,4700,46.805,-116.8535
519,644,Moses Mtn,5010,48.36163,-119.08158999999999
520,645,Mosquito Ridge,5260,48.05726,-116.23055
521,646,Moss Peak,6780,47.68493,-113.9623
522,647,Moss Springs,5760,45.27173,-117.68746999999999
523,648,Mount Crag,3960,47.7637,-123.026
524,898,Mount Gardner,2920,47.35768,-121.56812
525,649,Mount Lockhart,6400,47.91727,-112.8238
526,650,Mountain Meadows,6320,45.696940000000005,-115.22972
527,941,Mowich,3160,46.928329999999995,-121.95232
528,1224,Mt Baldy,9524,39.13648,-111.50527
529,651,Mt Hood Test Site,5370,45.32097,-121.7158
530,1269,Mt Pennell,9209,37.97793,-110.7933
531,652,Mt Rose Ski Area,8801,39.31573,-119.89473000000001
532,1103,Mt. Alyeska,1540,60.959830000000004,-149.08616999999998
533,1073,Mt. Eyak,1405,60.55,-145.745
534,653,Mt. Howard,7910,45.26522,-117.17373
535,948,Mt. Ryan,2800,65.25113,-146.15133
536,1259,Muckamuck,4470,48.58526,-119.86623999999999
537,654,Mud Flat,5730,42.6004,-116.55925
538,655,Mud Ridge,4070,45.25362,-121.73673000000001
539,656,Mule Creek,8300,45.40957,-112.95926999999999
540,950,Munson Ridge,3100,64.85033,-146.20945
541,1053,Myrtle Creek,3520,48.72263,-116.46311999999999
542,657,N Fk Elk Creek,6250,46.8716,-113.27725
543,658,Nast Lake,8700,39.29722,-106.60694
544,1138,Navajo Whiskey Ck,9050,36.177279999999996,-108.94691
545,903,Nevada Ridge,7020,46.84234,-112.50787
546,1031,Never Summer,10280,40.40405,-105.95583
547,660,New Crescent Lake,4910,43.51185,-121.97981999999999
548,661,New Fork Lake,8340,43.11265,-109.94946999999999
549,662,Nez Perce Camp,5650,45.73107,-114.48075
550,663,Niwot,9910,40.03523,-105.54426000000001
551,664,Noisy Basin,6040,48.15678,-113.94637
552,665,North Costilla,10600,36.99378,-105.25963
553,666,North Fork,3060,45.5505,-122.00283
554,667,North Fork Jocko,6330,47.2726,-113.75617
555,668,North French Creek,10130,41.3308,-106.37555
556,669,North Lost Trail,9200,39.07813,-107.14388999999998
557,920,North Rapid Creek,6130,44.20617,-103.78758
558,670,Northeast Entrance,7350,45.00565,-110.01406000000001
559,1037,Nuka Glacier,1250,59.69866999999999,-150.70967
560,1127,Nutrioso,8500,33.89747,-109.15517
561,1146,Oak Creek,7850,39.3485,-112.32638999999999
562,671,Ochoco Meadows,5430,44.42917,-120.3311
563,672,Olallie Meadows,4030,47.37406,-121.44213
564,673,Old Battle,10000,41.15397,-106.96937
565,1008,Onion Park,7410,46.91348,-110.8536
566,675,Overland Res.,9840,39.090559999999996,-107.63472
567,676,Owl Creek,8975,43.65868,-109.00988000000001
568,677,Oxford Spring,6740,42.26015,-112.12515
569,1170,Palo,9350,36.40848,-105.33063
570,1148,Panguitch Lake RS,8350,37.70463,-112.65037
571,679,Paradise,5130,46.78265,-121.74765
572,986,Pargon Creek,100,64.9935,-163.10317
573,680,Park Cone,9600,38.819959999999995,-106.58973999999999
574,681,Park Creek Ridge,4600,48.44488,-120.91551000000001
575,682,Park Reservoir,9960,39.046440000000004,-107.87414
576,683,Parker Peak,9400,44.733959999999996,-109.91483999999998
577,684,Parleys Summit,7585,40.76184,-111.62917
578,971,Parrish Creek,7740,40.93417,-111.81371999999999
579,686,Payson R.S.,8044,39.929759999999995,-111.63108999999999
580,687,Peavine Ridge,3420,45.04148,-121.93252
581,1104,Pepper Creek,2140,46.10242,-121.95555
582,930,Peterson Meadows,7200,46.12588,-113.30792
583,688,Phantom Valley,9030,40.399370000000005,-105.84756999999999
584,689,Phillips Bench,8200,43.516870000000004,-110.91258
585,690,Pickfoot Creek,6650,46.57978,-111.26831999999999
586,691,Pickle Keg,9020,39.012190000000004,-111.58259
587,1142,Pierce R.S.,3080,46.49597,-115.7957
588,692,Pigtail Peak,5800,46.62153,-121.38643
589,693,Pike Creek,5930,48.30305,-113.32868
590,694,Pine Creek,8734,38.88185,-112.24915
591,695,Pine Creek Pass,6720,43.56998,-111.21157
592,1263,Pinto Rock,4440,46.32318,-121.94219
593,696,Placer Basin,8830,45.41905,-110.08843999999999
594,1133,Pocket Creek,9360,42.7121,-109.4112
595,697,Poison Flat,7736,38.505759999999995,-119.62624
596,1244,Pole Canyon,7760,40.86293,-115.12066999999999
597,698,Pole Creek R.S.,8360,41.87255,-115.24713
598,932,Poorman Creek,5100,48.12672,-115.62333000000001
599,699,Pope Ridge,3590,47.9909,-120.56622
600,700,Porcupine,6500,46.11192,-110.4696
601,701,Porphyry Creek,10760,38.48884,-106.33965
602,987,Port Graham,300,59.35065,-151.84768
603,702,Potato Hill,4510,46.34963,-121.51435
604,703,Powder River Pass,9480,44.16188,-107.12621999999999
605,704,Prairie,4800,43.50513,-115.573
606,705,Promontory,7930,34.36824,-111.01083999999999
607,1177,Prudhoe Bay,30,70.26666,-148.56666
608,706,Quartz Mountain,5720,42.31923,-120.82533000000001
609,707,Quartz Peak,4700,47.87927,-117.08938
610,708,Quemazon,9500,35.92244,-106.39203
611,709,Rabbit Ears,9400,40.36783,-106.74038
612,1081,Ragged Mountain,4210,47.85583,-117.03667
613,710,Railroad Overpass,2680,43.65887,-122.21271999999999
614,1110,Rainbow Canyon,7860,36.2493,-115.62971999999999
615,711,Rainy Pass,4890,48.51865,-120.7358
616,1032,Rawah,9020,40.7075,-106.0076
617,712,Red Hill,4410,45.4643,-121.70428000000001
618,713,Red Mountain Pass,11200,37.8918,-107.71342
619,714,Red Pine Ridge,8988,39.45197,-111.27221000000002
620,715,Red River Pass #2,9850,36.69925,-105.34125
621,1225,Redden Mine Lwr,8532,40.67505,-111.21765
622,1217,Rees Flat,7206,39.49667,-111.72508
623,716,Reno Hill,8400,42.57111,-106.08888999999999
624,911,Rex River,3810,47.30218,-121.60475
625,2029,Reynolds Creek,5600,43.28863,-116.8431
626,933,Rice Park,8460,35.23333,-108.26666999999999
627,1254,Rio Santa Barbara,10664,36.07192,-105.62947
628,717,Ripple Creek,10340,40.10812,-107.29411
629,718,Roach,9700,40.87502,-106.04603
630,719,Roaring River,4950,43.90098,-122.03063
631,720,Rock Creek,7886,40.54875,-110.69292
632,721,Rock Springs,5290,44.008829999999996,-118.83842
633,722,Rocker Peak,8000,46.35613,-112.26176000000001
634,723,Rocky Basin-Settleme,8704,40.44293,-112.22377
635,917,Rocky Boy,4700,48.17478,-109.64728000000001
636,973,Rocky Point,250,64.53482,-163.4214
637,939,Rough And Tumble,10360,39.03333,-106.08333
638,724,Rubicon #2,7619,38.99927,-120.13139
639,725,S Fork Shields,8100,46.0896,-110.43363000000001
640,929,Sacajawea,6550,45.87395,-110.92783
641,726,Saddle Mountain,3110,45.54477,-123.37315
642,727,Saddle Mtn.,7940,45.69259,-113.96828000000001
643,1015,Sage Creek Basin,7850,41.401,-107.25717
644,1183,Sagwon,1000,69.42416999999999,-148.6925
645,1100,Saint Elmo,10540,38.69978,-106.36801000000001
646,728,Salmon Meadows,4460,48.65518,-119.8383
647,729,Salt Creek Falls,4220,43.61193,-122.11758
648,730,Salt River Summit,7640,42.5075,-110.9099
649,1172,San Antonio Sink,9100,36.8622,-106.22502
650,731,Sand Lake,10050,41.46257,-106.28107
651,732,Sandstone RS,8150,41.11172,-107.1706
652,922,Santa Fe,11445,35.766940000000005,-105.78333
653,1280,Santaquin Meadows,7835,39.920759999999994,-111.71802
654,733,Santiam Jct.,3740,44.43503,-121.94502
655,1128,Sargents Mesa,11530,38.28555,-106.37069
656,734,Sasse Ridge,4340,47.38485,-121.06323
657,1231,Satus Pass,3960,45.987970000000004,-120.67733999999999
658,735,Savage Pass,6190,46.46633,-114.63333
659,1068,Sawmill Ridge,4640,47.15992,-121.42172
660,1251,Sawtooth,9620,40.13697,-105.58625
661,736,Schneider Meadows,5400,45.00107,-117.16521999999999
662,737,Schofield Pass,10700,39.01522,-107.04876999999999
663,915,Schwartz Lake,8630,44.84618,-113.83731999999999
664,738,Schweitzer Basin,6090,48.37428,-116.63917
665,739,Scotch Creek,9100,37.645559999999996,-108.00786000000001
666,740,Secesh Summit,6540,45.18848,-115.97152
667,741,Sedgwick Peak,7850,42.52497,-111.95635
668,742,Seeley Creek,9904,39.31042,-111.43297
669,743,Seine Creek,2060,45.52688,-123.29857
670,744,Senorita Divide #2,8600,36.001979999999996,-106.83348000000001
671,1043,Sentinel Butte,4680,48.86133,-118.39843
672,745,Sevenmile Marsh,5700,42.69825,-122.14165
673,746,Seventysix Creek,7350,41.737320000000004,-115.47215
674,747,Shanghi Summit,4600,46.56603,-115.74216000000001
675,1060,Sharkstooth,10720,37.50357,-108.11373
676,748,Sheep Canyon,3990,46.19325,-122.25393000000001
677,749,Sheep Mtn.,6650,43.2103,-111.68791999999999
678,751,Shell Creek,9580,44.50012,-107.42947
679,752,Sherwin,3200,46.95028,-116.33972
680,753,Short Creek,7000,44.97572,-111.95215
681,754,Shower Falls,8100,45.40125,-110.95758000000001
682,1169,Shuree,10100,36.78778,-105.23998999999999
683,1034,Sierra Blanca,10280,33.404720000000005,-105.78721999999999
684,755,Signal Peak,8360,32.924009999999996,-108.14538
685,756,Silver Creek,5740,42.95615,-121.18123
686,757,Silver Creek Divide,9000,33.37106,-108.70618
687,1205,Silver Creek Nv,8215,39.23305,-114.2429
688,759,Silvies,6990,42.75333,-118.68785
689,760,Skalkaho Summit,7250,46.24212,-113.7725
690,1257,Skate Creek,3770,46.643359999999994,-121.83044
691,912,Skookum Creek,3310,47.684329999999996,-121.61007
692,1286,Slagamelt Lakes,8620,45.36526,-113.71834
693,783,Sleeping Woman,6150,47.17902,-114.33368
694,761,Slug Creek Divide,7225,42.56248,-111.29796999999999
695,762,Slumgullion,11560,37.9908,-107.20326999999999
696,926,Smiley Mountain,9520,43.72718,-113.83402
697,763,Smith  Morehouse,7631,40.78931,-111.09192
698,1167,Smith Ridge,3270,44.30325,-122.04053
699,764,Snake River Station,6920,44.13361,-110.66917
700,765,Snider Basin,8060,42.4949,-110.53203
701,767,Snow Mountain,6230,43.94885,-119.54013
702,766,Snowbird,9617,40.564,-111.655
703,927,Snowslide Canyon,9730,35.3416,-111.65058
704,1208,Snowstorm Mtn,7384,41.33981,-116.98043999999999
705,1132,Soldier Park,8720,44.34847,-107.0136
706,769,Soldier R.S.,5740,43.48407,-114.82692
707,770,Somsen Ranch,6800,42.95275,-111.35933
708,771,Sonora Pass,8770,38.31021,-119.6003
709,985,Sourdough Gulch,4000,46.23718,-117.39438
710,772,South Brush Creek,8440,41.32943,-106.50248
711,773,South Colony,10800,37.968109999999996,-105.53787
712,925,South Fork Bull Run,2690,45.44575,-122.03125
713,774,South Mtn.,6500,42.76478,-116.90037
714,775,South Pass,9040,42.573170000000005,-108.84325
715,776,Spencer Meadow,3400,46.1795,-121.92661000000001
716,777,Spirit Lake,3520,46.26113,-122.1772
717,1117,Spirit Lk,10235,40.83868,-110.00527
718,778,Spratt Creek,6063,38.666270000000004,-119.81741000000001
719,779,Spring Creek Divide,9000,42.52516,-110.66148000000001
720,984,Spruce Springs,5700,46.18287,-117.54155
721,780,Spud Mountain,10660,37.69866,-107.77715
722,781,Spur Park,8100,46.77962,-110.62165
723,782,Squaw Flat,6240,44.77091,-116.24805
724,784,Squaw Valley G.C.,8013,39.189859999999996,-120.26576000000001
725,786,St. Lawrence Alt,8620,43.03313,-109.17025
726,1203,Stag Mountain,7628,41.4081,-115.4466
727,787,Stahl Peak,6030,48.90902,-114.86298000000001
728,788,Stampede Pass,3850,47.27427,-121.34161999999999
729,789,Starr Ridge,5250,44.26423,-119.02162
730,1258,State Line,5680,41.986090000000004,-120.71574
731,790,Steel Creek Park,10158,40.90862,-110.50461999999999
732,791,Stevens Pass,3950,47.74607,-121.09288000000001
733,792,Stickney Mill,7430,43.86117,-114.20902
734,1157,Stickney Ridge,3810,47.9234,-121.6167
735,793,Stillwater Creek,8720,40.225429999999996,-105.91977
736,794,Strawberry,5770,42.12587,-120.8361
737,795,Strawberry Divide,8123,40.16483,-111.20665
738,1009,Stringer Creek,6550,46.9269,-110.90198000000001
739,901,Stuart Mountain,7400,46.99523,-113.92663999999999
740,797,Stump Lakes,11200,37.476209999999995,-107.63295
741,798,Sucker Creek,8880,44.7225,-107.40033000000001
742,1095,Sugarloaf Mtn,550,61.081,-146.2995
743,800,Summer Rim,7080,42.6957,-120.80158
744,955,Summit Creek,1400,60.61713,-149.53128
745,801,Summit Lake,5610,43.44907,-122.13808
746,1194,Summit Lk,7615,41.48953,-118.99663000000001
747,1052,Summit Meadow,9313,38.39747,-119.53522
748,802,Summit Ranch,9400,39.71796,-106.15802
749,1078,Sun Pass,5400,42.78637,-121.97715
750,1249,Sunflower Flat,10018,38.048,-111.33981000000001
751,803,Sunset,5540,47.55545,-115.82422
752,804,Surprise Lakes,4290,46.09497,-121.76345
753,967,Susitna Valley High,375,62.13333000000001,-150.04166999999998
754,1248,Suu Ranch,8050,37.59711,-112.92948999999999
755,975,Swamp Creek,3930,48.57142,-120.78267
756,1077,Swan Lake Mtn,6830,42.41323,-121.68002
757,805,Swede Peak,7640,43.626,-113.96887
758,1012,Swift Creek,4440,46.1638,-122.18401999999999
759,806,Sylvan Lake,8420,44.47764,-110.15651000000001
760,807,Sylvan Road,7120,44.47825,-110.03808000000001
761,809,Tahoe City Cross,6797,39.171620000000004,-120.15361999999999
762,1247,Takka Wiiya,9122,39.741040000000005,-113.98262
763,1168,Taos Powderhorn,11057,36.582029999999996,-105.45611000000001
764,810,Taylor Butte,5030,42.69108,-121.42591999999999
765,811,Taylor Canyon,6325,41.2287,-116.0293
766,812,Taylor Green,5740,45.07707,-117.55067
767,1266,Telaquana Lake,1275,60.98243000000001,-153.91772
768,1013,Temple Fork,7406,41.793,-111.54605
769,1202,Tent Mtn Lower,7104,40.97852,-115.17218000000001
770,813,Tepee Creek,8000,44.78562,-111.71
771,951,Teuchet Creek,1640,64.94583,-145.51667
772,814,Thaynes Canyon,9230,40.6235,-111.53322
773,1226,Thistle Flat,8787,39.23803,-111.51998
774,815,Three Creeks Meadow,5690,44.14425,-121.64095
775,816,Thumb Divide,7980,44.369170000000004,-110.57717
776,817,Thunder Basin,4320,48.52753,-120.9895
777,818,Tie Creek,6870,44.81243,-107.41017
778,819,Timber Creek,7950,44.0274,-109.17878999999999
779,1097,Timberline,8736,39.67712,-110.43395
780,820,Timpanogos Divide,8140,40.42817,-111.61633
781,899,Tinkham Creek,2990,47.33198,-121.46975
782,821,Tipton,5150,44.65567,-118.42617
783,893,Tizer Basin,6880,46.34937,-111.85308
784,1136,Toe Jam,7700,41.3187,-116.3408
785,822,Togwotee Pass,9580,43.74902,-110.0578
786,1044,Toketee Airstrip,3240,43.22718,-122.42537
787,1089,Tokositna Valley,850,62.63,-150.77617
788,934,Tolby,10180,36.47493,-105.19468
789,823,Tony Grove Lake,8474,41.89833,-111.62957
790,1113,Tony Grove RS,6332,41.88573,-111.56918
791,824,Touchet,5530,46.11868,-117.8505
792,825,Tower,10500,40.53743,-106.6768
793,826,Townsend Creek,8700,42.69525,-108.89572
794,827,Trapper Lake,9700,39.99884,-107.2362
795,1083,Tres Ritos,8600,36.12778,-105.52713999999999
796,828,Trial Lake,9992,40.678,-110.94873
797,829,Trinchera,10860,37.35328,-105.23233
798,1171,Trinity,2930,48.0747,-120.8493
799,830,Trinity Mtn.,7770,43.62903,-115.43818
800,831,Triple Peak,8500,42.76393,-110.5914
801,832,Trough,5480,47.23328,-120.29411999999999
802,833,Trout Creek,9518,40.739,-109.6728
803,834,Truckee #2,6509,39.30087,-120.18406999999999
804,954,Turnagain Pass,1880,60.78043,-149.18325
805,835,Twelvemile Creek,5600,46.14287,-114.44755
806,836,Twin Lakes,6400,46.1438,-114.5056
807,837,Two Ocean Plateau,9240,44.15178,-110.22122
808,838,University Camp,10300,40.032790000000006,-105.57615
809,952,Upper Chena,2850,65.1,-144.93317
810,1227,Upper Joes Valley,8596,39.4155,-111.2491
811,1090,Upper Nome Creek,2520,65.3671,-146.592
812,839,Upper Rio Grande,9400,37.721940000000004,-107.26015
813,840,Upper San Juan,10200,37.48576,-106.83535
814,1141,Upper Taylor,10640,38.99077,-106.75421999999999
815,1055,Upper Tsaina River,1750,61.19112,-145.64807
816,841,Upper Wheeler,4330,47.28734,-120.37015
817,1098,Usu Doc Daniel,8270,41.86425,-111.50603000000001
818,1005,Ute Creek,10650,37.61497,-105.37326999999999
819,1137,Vacarro Springs,7890,39.4495,-115.9834
820,1017,Vacas Locas,9306,36.02635,-106.81362
821,842,Vail Mountain,10300,39.61676,-106.38006000000001
822,843,Vallecito,10880,37.4851,-107.5068
823,979,Van Wyck,4920,44.37665,-116.3366
824,844,Vernon Creek,7401,39.93667,-112.41478000000001
825,845,Vienna Mine,8960,43.79942,-114.85273000000001
826,846,Virginia Lakes Ridge,9445,38.07298,-119.23433
827,1188,Wager Gulch,11100,37.88248,-107.3643
828,847,Waldron,5600,47.919979999999995,-112.79087
829,848,Ward Creek #3,6745,39.13545,-120.21865
830,849,Ward Mountain,9200,39.13242,-114.95575
831,850,Warm Springs,7800,46.27368,-113.164
832,974,Waterhole,5010,47.94485,-123.42594
833,852,Webber Springs,9250,41.159459999999996,-106.92714
834,853,Webster Flat,9203,37.575,-112.90155
835,909,Wells Creek,4030,48.8661,-121.78976000000002
836,1160,Weminuche Creek,10740,37.51976,-107.32151999999999
837,854,Wesner Springs,11120,35.77556,-105.5425
838,855,West Branch,5560,45.0722,-116.45413
839,924,West Yellowstone,6700,44.65866,-111.09199
840,1147,Wheeler Peak,10060,39.00995,-114.31021000000001
841,857,Whiskey Ck,10220,37.21411,-105.12245
842,858,Whiskey Creek,6800,44.61088,-111.14998
843,859,Whiskey Park,8950,41.00289,-106.90848000000001
844,860,White Elephant,7710,44.53267,-111.41085
845,861,White Horse Lake,7180,35.14202,-112.14915
846,862,White Mill,8700,45.04575,-109.90987
847,863,White Pass E.S.,4440,46.641420000000004,-121.38153
848,864,White River #1,8641,39.9645,-110.98845
849,1213,White River Nv,7367,38.945570000000004,-115.37921999999999
850,865,Widtsoe #3,9640,37.83633,-111.88163
851,1042,Wild Basin,9560,40.20105,-105.60248
852,866,Wildcat,7850,33.75835,-109.47973
853,867,Wildhorse Divide,6490,42.75743,-112.47783000000001
854,868,Willow Creek,8080,42.815129999999996,-110.83515
855,869,Willow Creek Pass,9540,40.34703,-106.09433
856,870,Willow Park,10700,40.43254,-105.73337
857,871,Wilson Creek,7120,42.012570000000004,-115.00278
858,872,Windy Peak,7900,42.2802,-105.57816000000001
859,873,Wolf Creek,5630,45.067029999999995,-118.15191999999999
860,874,Wolf Creek Summit,11000,37.47922,-106.8017
861,875,Wolverine,7650,44.80417,-109.657
862,876,Wood Creek,5960,47.44847,-112.81428000000001
863,877,Workman Creek,6900,33.81242,-110.91773
864,1228,Wrigley Creek,9327,39.132329999999996,-111.35685
865,1197,Yankee Reservoir,8692,37.74797,-112.77495
866,878,Younts Peak,8350,43.93225,-109.81775
867,1033,Zirkel,9340,40.79488,-106.59535
